id,target,,,
ZzBoUzhRWTJiUklUSFBmcvePB0mj6gXu4ccgO4D8tMY=,1.00264,,,
ZXpMMGFkckZKUFZnNFhEcfpxtvUkXw8MT9SmZ5QMSFM=,0.994287,,,
ZXFvRUtCbHprNEFwTGhXeUW2li6mAuKkVtInfU/eHx4=,1.01288,,,
ZWNKQ1lnN3BPRjBQYXVJZGd7qzqw5/wqaNJYFL9R6Yc=,1.00264,,,
ZWFmR3pOWHlpN1ZUSE9Tc1793NyktdlYX7cTbSwf8no=,1.000278,,,
ZWcwdThXVGJSN3JGQjlQY2lN1B6FIj6JoFhdeCXYUx4=,1.00264,,,
ZW9IYjI1ZFB0blhUZnlXUf3oJEi+9Rv3nHjbLx6HlG0=,0.9917945,,,
ZUU4MVRaSU1jdHFESFZ3Qvpkd4iW9jQnRnp5rQ4wtV4=,1.00264,,,
ZUlKTDdpRmtEQ3FWdnk5cHEkui2Q2VWIe6YRxOp9a1c=,1.00264,,,
ZUJJQTYyczVEanlMSE9HSo0Xbf5PmeF+hkZ06M28UN4=,1.00264,,,
ZU5wNFlVZmJvQnoyeXh3S4NQV4pWSLHQx8rwJYcG0Ws=,1.00524,,,
ZTN3STIwT0p4N2dSdTREb4efWUCsX60tNf+BAV+fACU=,0.999231,,,
ZTM0SHdzamJUdkljbHpTb640RvkSi/MzLrDv4juTLnA=,1.00629,,,
ZTgxZlMwdWlBN3ZCZ3I0ec4jWIAINgE8My0DU6dfnMY=,1.00640,,,
ZTA1ZzgzVVZqbVBJMkdxazcmTvlPQOUb+xfXB15+adQ=,1.00264,,,
ZnVqQnR3M2wxcGIweGdjWRY3vhicuf+4Xs3EwGlCHRQ=,1.00264,,,
Zno5ckNoQURTYTJURzhJUutZuKco28qIFT5w395E68s=,1.00264,,,
ZnNoUmlXWlNuWTkzWDB4NfJnJGm/0tjJ2W2YJp8MwvI=,0.994287,,,
ZnhTUnV5cFpGTHZsblBRd2m9o5dhZ1nHsvCZllvT+w0=,1.00115525,,,
ZndGVGVYTEhxa2wzSW1nNLgoofx1LIuv1aZLYV+REUo=,1.00264,,,
ZmRrOTJWQktGQ0wzN1NJenIHrDunE+WQyR2jE8nc7NA=,1.0072225,,,
ZmprUmxXWGFjSWhIMm5GStOmWQUckZ6WNWIyg+CU5vE=,1.0116,,,
ZmJ0d3hQeVMwYThRcE5Ga/aoR1Ix/fku8PjwsAKh6AA=,1.00264,,,
ZmhJU3JYRllDVG1BcHZOVruWM4y8uR3Zq7Us9g23pRE=,1.00264,,,
ZmFCTDNqOEZ1VWJ4U0huTjZTtDZJuUVoA8zEFCp1U+o=,1.00264,,,
Zm9LWXdxeU5QTGFKOUVRTXTKj/dJsZG1ZwNteS54EdU=,1.00264,,,
ZlprUXdyNzVsQ285Ymh0Z+q5f5JVRybyz68rR8n3rKM=,1.00264,,,
ZlhrQTB1aENQckY0QjFWNtGYZaSGoC0jYX8MIg5GNVQ=,0.999973,,,
ZkxBTTkwVjNrcVJ6bnRYSZZmJAW5mRZHz40LeB+dTgQ=,1.00264,,,
ZkU3cTUzZDZ6YnVWWFNvVP6m3MUzoVy5RsH4iWFpnQI=,1.00132,,,
ZkhwUTJSeVVDM2JhNUZBeueDzL/fVhKJm86ISU3dWw0=,1.00264,,,
Zkd5RFY2N3BQMVN4S1JUWXu3khR1xkpjy2Bpo9r9FtE=,1.00374,,,
Zk9JZWMwZ0hZdVJkbmtHd8c6QWs72ino8t4glJx8wD8=,1.0080425,,,
Zk55MlRia0JYRnZ1bloxbDav/C4PL0+A8kTilc0od5w=,1.00264,,,
ZjN3NGs2eGxZcEJ6TEdWVw5nCqnosotxNw3RPZpwTDY=,1.00264,,,
ZjlZTVhIY2d0MUJOejdsVjJ+nOV+3P2s9venBfrp7OQ=,1.001931,,,
ZjJWZ2l6c0RCbENwclFLSEklbxwDisWy7oBpEH69Y5M=,1.01139,,,
ZjJPS2hXRmVINGpFaU5BTVaAO+/YpGykoZVfMLiK9ac=,1.00264,,,
ZjJIcTdUOGlsR3M5TDZhWdp5dzthX23uafyzDOgG0hw=,1.00264,,,
ZHV2THFZeVBqeGNURmxWaJh9ADxchYdEuK7WMIpOf5I=,1.00264,,,
ZHNORUx5OGd4OTRybXRKN/kZRPELaJ4IBXDhTz9IbvE=,0.988593,,,
ZHlGdllBa3d4cDBTSlpuUEJKhdneMr4eE+ePptcDWXU=,1.00264,,,
ZGxFY29VQkt2MlZ3U3J0adXMCz0MxyfyC/6Gfk6tPkU=,1.00264,,,
ZGtDY1BXTmYyczBlaXZiNOm6z2Us8rsRgqVcIN6KRCc=,1.00264,,,
ZGNBTlRIZXkwRjdFWXFWOSqkkU4UhXn8RRzI+ijQz+4=,1.00264,,,
ZGk3SU94RDZCOFJOMmN5VL+0bgNf/cCW9czWJizrQwg=,0.9916395,,,
ZGc3ZmVKWHdvU004RXhWYhHjvq331w3w2DWii+mlXDI=,1.00410,,,
ZG96T203RVlxMGdVYWVUQW5NEB5PAiU3FKbERWElv0w=,1.00264,,,
ZFIzSjY3ODlXVjJ3MFB0RzYlmJpXa1HUVVPurnFSVg0=,1.00264,,,
ZEZZOG1RMWZIQk96cWdqV3Ij/wxBr6Q0lIJHcTq0lUk=,1.00264,,,
ZEZScnFvR1FUWWE4anY5QtmHA4sCneZReXBfjLy9MWg=,1.00318,,,
ZExTc0J6M1FhV28xUndqWBjlactKFAPBcwxWQPhBzVk=,1.00264,,,
ZEVEbDg1T2pJY2ZhazR6dTAEqeD+EobFbu1VY3/e5YQ=,1.00264,,,
ZEJsRXp0Zk45d0w2bWtnNyQxhjetSl2e7h6JqL94kkc=,1.00305,,,
ZEI4bWg5TXdRVkpsSHpFNU9EHpjsIPIbvNRSA9HYI3Q=,1.00264,,,
ZE5aZkM2RnNYNFlIS1RPd5d7OgVHUrkGkkVjSa11zzE=,1.00264,,,
ZE1wZTdic0hrZ2NxVUNCWLX70Dq3MzL+EG6myJHLr0k=,1.00264,,,
ZDRSbnR4NWtvVXBRVlhEN7uRBPw4BSCs2o8gJMJUN+A=,1.00491,,,
ZDNsaDBuemk3SHFiNjJDeMZlFj/KK8pYE9YxXqNmvXA=,1.0116,,,
ZDh3RENMQVJLakloZ2FtWP/iwP0y/OEiD91oRepxzIE=,0.999769,,,
ZDBhSG54YmZDWHdoV3FSWfgNzmIUl8RtaXDBD8W7Gqc=,1.00264,,,
Z3I0SG5HZURrQXVhOENCMsy3fvMJee91bkk6n5LSXd0=,0.998779,,,
Z3FyNmRaV1F3c0p4Y2hMQp8DH/02YhbevMoHcIIgX/o=,0.9960875,,,
Z3c1TGxZTm9WY1M4ZHJBYhlFS1srNTiJFKsSFknrXTE=,1.00391,,,
Z3B2Mkh5Y0lkVTlDTURRZTyj5SCUmDMGNCHXmwYCQW0=,0.9906645,,,
Z2tIYWJENU9XZlpNQUw4SmfIKZ9i7FasX5A9WXfZRtE=,1.00264,,,
Z2s5SUJEY1N3N1g1c21XSIyj3SKLHLqkb8J6AAffkBk=,1.00592,,,
Z2RVTmhNYUJ2OFNqZndsMAnaOPpejjTmdh6sawMEGDg=,1.00947,,,
Z2NBZkUySXNSS3lONEhveCLJJekWxPdA+6q30P0Su0M=,1.00264,,,
Z2lYbkVRb095SWpMc3FOcpUQy7QhR7+99Qveg78pTu8=,1.00723,,,
Z2lHTkRTS1VzckVQdXFmb0uPtNTAnRTfE1HNQrnpJIk=,1.00264,,,
Z2JqTHV3QnFNMVZmaEd2Nxbj4MAZL6ozHciUjQ6nMOc=,0.996179,,,
Z1R6akN1OG1ZMHhJazJXbBJ0+Rc0dIK8CvIN5nMqRt0=,1.00670,,,
Z1J4RVZpTndVa1A4WDFtSXOTM6I5KIlUM0YYCCdSqvc=,1.00608,,,
Z0kzTkdlZFlUaXJ2YlJBdNT3u9ldhTk2RExbBoWKeZQ=,1.00416,,,
Z0JhUk13aThidVlIRWNtV5zfmIlBO877tkpWK2152ik=,1.01178,,,
Z0gwNEw5MnFLZTdEeEVwdCbMhGxJdi0VWkNostwMvNQ=,1.00264,,,
Yzl1RlM2T3BteGg1eU13SjgWX/BQ1d2FHV2G3Q5xr28=,1.00264,,,
Yzk1ZEhoSnZPSWkwNENMNp5VhgfoRaeveKKe0GVgZN8=,0.998895,,,
YzFmbzZpQndJVVAzcXBTdL8ACZfIIJWhvtUgp9nL7uE=,1.00264,,,
YzFlWmtoMFgyUnhUQm45bBXJeI7J9RIzhlGN2UbUvJY=,0.994287,,,
YzdLU3lCRXNQR1lqVmZMb2CztPtBnBc7Nj6h2REWck0=,1.00264,,,
YXNyUmN1VktVV2dJSHZsdwFXvmOX4h3ysVvt6oeWR0Q=,0.99426925,,,
YWt6VTFXb1lwTnRtUlBmatTROklnsy+ciBgUcv686Jo=,1.00264,,,
YWNyTHloYndwS0RGbmpmOX3Y1WU/fFYCL2z6eLhkIBs=,1.00264,,,
YWM0alg1ZnJKMFNPVEI2OBT3x0zDnycMO44MIiy8EUM=,1.00264,,,
YWhWSms4MzFOd2ZiNlFXbEiVLsggwVnBzzYfSlar+qo=,0.991141,,,
YW5EcEV1NzhGNmRpQ29VaEB9QeHIIeCRhmR8DcM8zOg=,1.00264,,,
YW1OV2NiWGQzUFN1WWY0RGDeQ4jWqP+JCfN7fSxMhCw=,0.986830,,,
YVV6a2dZRWR4ZXVJU1RHWH6gZOSME1caj/waGvT7xB4=,1.00264,,,
YU5oYktUNTlIN3ptRzJsV/CDs91VCF6b9CAy117KfLw=,0.9959325,,,
YTJRY203cjNBczR5VUowZyQG8rZeNrmZWRDqc6T2ErQ=,1.00264,,,
YnRkRnVydjZBQ1ZQY29aNLcMVLOUe1oi3ouEQ1/xjww=,1.00305,,,
YnpnNkI1V2o5U0l4Tm1mcbf9eLB3Y5e/GRsdMJ0awbM=,1.00264,,,
YmZEMTRkRVoyWGFuUVlwTYvL4CUNTD3qfoH2b5RDVa0=,0.991141,,,
YmprbU9QbzRHSlc3MlNWbljk0cNNar/f1WR+RQ0WlpM=,1.00649,,,
YlltNzJOdWRVT1RScmpBNoiaP17I+qElnZ6EjybOhI4=,1.01314,,,
Ylg1N2poeEVIMUM0VmV1Y3CbD7TOR5LaRJ2XrEnf2lM=,0.992674,,,
YlFCMEE5TmhLelNGVDJzN9ypoGhXOFv/zGU389B8c/I=,0.9991085,,,
YkNKZUt1VDFjVWF3OHFkUAXzPN2YT738X5xGj9GdD80=,1.00264,,,
YklIQmRYaUYxV0RDdWtuUN0NM9ZyF99KYap9hCDxnzs=,0.9960045,,,
Ykl0TzdvMUYyOWdNRWFlSh8qKgc3N7KcrVLsAnvL+fI=,1.00264,,,
YkkzdFo5aDY0TFUxQnFXbIccIyMCSbCPJUNHY1ML8qQ=,1.00264,,,
Yk9zb01WZGVjeXVqRjRFeEHWcvzXPHBMrkR5uMz9e6E=,1.00458,,,
Yk5rOXFnUExWakJVZjhUWj+G6gFbx5QTmB9f/oDc+IA=,0.9994145,,,
YjUzMTdxQURaeEVoT0tNRqkeemQzisWFoZF/yNNpZ/M=,1.00410,,,
YjNZRDhvYUp0eGtDZkVsd1MVgyC6WjDUwPfJrOe4iLk=,0.9950695,,,
YjhvbnNobFcwVUROVExtaXx5xRnwZM/LqwIBHqX8OLU=,1.00264,,,
YjdndzV0UGk0WXhOZUtTZsjSMhanhmPMfgJNdEBD/bk=,1.00491,,,
Y3VueDJQZDdmd3Z6SWI1NmeQEqve0xC4FczYcT4/4bo=,1.005375,,,
Y3F2WVZwSm94N0l1RWRDS/Kw4OhzMQS/31rebSVnUm0=,1.00264,,,
Y2ZJSkduQXRXcnNFdzFGS3LVVplPSzh2EFSaUYzIvhI=,1.0086,,,
Y2oxOUZyZVlQU29md1I4S00SHhFIL5CveoZGIXk9LSY=,1.00264,,,
Y1ZEYU5ka0F4bUNvdkkxVKSk8OZmLArpm9DV6JkzDOQ=,0.9949475,,,
Y1k5MEk3cURYTThyczZmQtsjNLQyEXYnsmM4DBAxfGo=,1.00555725,,,
Y1hpNkFoVU5vMldtclFPdorI4wyWsAzPz0OS7T9R9u8=,1.00454,,,
Y1E5WkVMZzVlNmFXMFJ4bLc3jrc/uXQkEXi3j98qySM=,1.002915,,,
Y0YzQVVnaGRpRUdJYjk3UVzK3L6hAz5oAk1+fyVCAP4=,1.00264,,,
Y0xzcG1iSzlsZFhQdk1nQkIq2knIEOOHrZ83Tuy/i4c=,0.990704,,,
Y0lYbUhFdENVUDVNRmdyRBPbIiupMvI+BFxeyTsgxu8=,1.00264,,,
Y0FJVEx6V3lsM3dlb1pmUCQwDTxCshnjKSSmUHtVFtY=,1.00264,,,
Y09vdVJOMmpIbE02YXN4TKky6Y5kU11qSl/FV5xdyQQ=,1.0076725,,,
Y09obENlOVBOYlpZbUhqQrNgLABLOoryr3KRI7htySg=,1.00264,,,
Y09GOU1rYlEzbTVKdjZLc0ASk5ylRxWV9e3jsK9QzZY=,1.00264,,,
WXU5Y21FdkpLeWZyVUxkNMKKiyLw5CY/fXP8PITFl5o=,1.00264,,,
WXh5c2s2SkFxZVZkVWNDRfVgSSy0iUkfkVtWkPV4c/w=,1.00264,,,
WWpwTDQ4dlRGeWtyVndPTsSOhp1AC1SAG8m8n8sAF4k=,0.996351,,,
WWJTMFdWUEJxeG40N21zckyI2fYW4MOORmsv6PuIW+0=,0.994287,,,
WWhrSEtKTGZ4RDcxbWw1NIU8qwHmYTJ9ccsW2bpPkbI=,0.98701425,,,
WVgwUWNPOWJINHVydndWbJbVh/cN7zGoBiRf15EHt0Q=,0.992674,,,
WVc1dzdSUTNhY1VQemZqSobzjxOQj0Pqw2x39TuaI7w=,1.00231,,,
WUZFZWJmeEM1OW40cnZHUk/KZcL98YdZUc0STUuQwVg=,1.00264,,,
WUUyeVhrRGxKcnc3S3pOML4mnap/VgIvbzKG7nr6sG8=,1.00264,,,
WUs3UXN6NGRISmdhcUFpTUeqYlgWeVHwmDy7QkUo3IY=,0.9930455,,,
WUcxT2txYWpmUk44cGh2MvC8uGEGBbORjRj+jsPK7Z0=,1.00264,,,
WThxcGxWYWJuS3hnRkQ1U2z61m7/ug4QJhxHLbbb3ws=,1.00692,,,
WnlVMm9ydXB4WGJjTkh3VvT9rHQBYCG8l72Ct+ra2YI=,1.0116,,,
WnhRZ1NUempmblJPUEk2S3x7Qw+LGheCD+I7AiwBDi4=,1.00264,,,
WndXZTVMdkhLeEZ6akoybOrv7eUH3KfO9k7bUexxWzg=,0.993920,,,
WmI0ZTlYOElNTHNseEVQa8L2+ZbDjIavtA0a5EH7EG8=,1.00264,,,
Wmd1TmxtS1FSQmpKYjFvU3Jhdze9rCBqd1nG5DxZ4t4=,1.00264,,,
WlNwZ2pWQzUyZVEwOXdMek1Uz7UbH34H6fyh7DnJSIc=,1.00264,,,
WlJ6c0tNUHRja2RqVUpUMjEgBTjcL8YdKk6Gf4tt2qc=,1.00786,,,
WkZSc3dZUWc5Y216VU9yYsE62+Yx4X/zA6H+UUHIr/0=,1.00264,,,
WktCSHdEQWJzOGk5bTZrUqkFOAE5QNZpNh/sKPkSaWg=,1.00264,,,
Wk5qRTUxRDhJbm1wc29mecuhaYMulPpa1r2anC+0mU4=,1.00666,,,
WjBITWhXVFlicGQxRXllUhh9RyU+YRTmcjRYw3vzdNI=,1.00264,,,
WjB6MW9kT1VGWXFTNnR2Qy8t+MFe41bKBGOu19f0u7Y=,1.00416,,,
WHVLd0dsWWc5Uk1GQlBWZRwcK+Whr+/kFcNNNR4rCwk=,1.00264,,,
WHNvVk9ZQlptZnA4NGhVSeOMuVxtW8yPSpkPb4SRANo=,0.988593,,,
WHFoQ3lBTmtZTGw2dkZQVAz73DFJDaDiNm16GLv9nhA=,0.99784925,,,
WHByOWpEMzZSQ2x6S2VMbyOB2VNnQfEh1IYQVa0rkHQ=,1.00264,,,
WGtyaHZGMXM2TThJMDl5YSxHSZYHGG/xKJefAP0TxmE=,1.00264,,,
WGJGNVFSRzQ5cDNyaEpITIDFfe9lY4h4ZhBWNAwLgqk=,1.00264,,,
WGFzRm5wMldBVmtvdVRJWe8YynDHMZi9pr9t00UFtjA=,1.0005075,,,
WGdIMHViV2FsS0dFM3hBZd5jmEBsSD8k/owk+mtsFBI=,1.00217,,,
WG53b3B5QWNFTnFMbUtnZoWpFeNo/IJYyFFeEDB6siM=,1.005375,,,
WG1FbmRmS1Rjb3FGM0N4OUNj6jOtcAJG0P3mmw4DkTA=,0.994103,,,
WFVkeDZMdWNuajlSWkFmaMDScYyNOV4gxyvSneUoLHI=,1.00264,,,
WFpxdUhBZG1OUEowNGw2ZVId1iyvxelB3vaK6rPCT3Y=,0.989753,,,
WFpCWWtlMGxxbXJzOUNnVqsM8v+W7qVAF3QcHeRVIFs=,1.00264,,,
WFlLcEpmdnloemFDWmsxZI1C9y4WRwYI2Z61ubS/4eI=,1.0048075,,,
WFkyc01iTHBVMUlESjg0d3sqGptuAj3L+obuMDclR5U=,1.0015445,,,
WEJZNWZzV0FoQ2tHVjJNRBppuKDiAIt9q40ht4WVKa0=,1.00155825,,,
WE5qU1FDemc4NHJvQW41TYL8p+uOHXrGxbVKjPGoQus=,1.0005075,,,
WE04bVpEaWNCMXRzNGU2NQApqCiBSFD46TLBmhHkqB0=,1.00305,,,
VzZWOFA0SGtJZFltSzlKM8jiT/D9c9ShjRkc7KrBFAs=,1.00264,,,
VzM0dDdFcjZUbGdQU3NBObLaq1wdJuVjKSy+uNhp1O8=,1.00264,,,
VzFNbzQ2Q2xHdm1RM2pmcIaX2f/vw++QfTOzFWIGJOg=,1.000298,,,
VzBLNnZSYTNWcmlTbE51bp1bEZWnwbNoWzSmDirICLw=,1.00264,,,
VXYyRkRLSTM4Z0xZNkN3NLwQAMUGF14meXT0Gtkh9H4=,1.001265,,,
VXBmQjlxZ25ES1dUMjZpRXCSm+XVI8AOj6KOog5xUZ0=,1.0076725,,,
VWUwREZicVZ3QTdyZjFjeQZbD4YyJ2JMfObKrigNy50=,1.00264,,,
VWtpS3oyZ0FCb1N2bjFDNUT3X9PzTySI0YhCOgmtafc=,1.00099575,,,
VWQ5Vk5aSzhhdWg1ajJRSBe1MprfLIw8Dbj3y/FeLnQ=,1.00264,,,
VWJtNUtpT25wSkZ2N0lTOSd5QrhPJeFAbhpA1X3ligw=,1.00054375,,,
VWhQVEVPeE43Z3FBYmFENRk+vXKpqnZktrnrcUZT3VI=,1.00491,,,
VUZERUFpNmQyZjBKcnNPUovAAxT+vQxsFMe/fw8t4VM=,1.00264,,,
VUpjZzRFaXdvSFh5aHpmN4go6QWNNxmoCemy9BMAizk=,1.00264,,,
VUlyT2QwWmpobHc1V0s2R7z975iR6CcOeaYp4sIIq3Y=,1.00264,,,
VUhWV1RLU041ZDkzaGlZcPdCXUBxS/NeFww+l1I5rP8=,1.00264,,,
VTBCRFd2azNqejI5b3JDRcmzItFg8eqBrLuzEaKQr9Y=,1.01314,,,
VnVKU2g1Z3d2RkFqS1cydAvEn97oQmEb/SXeG2ihv2M=,0.99866575,,,
VnoxQkZ0YjNJc2hHMmNBUxTL+LSWhDaLPV2HI8NV1zE=,1.00264,,,
VnNMVzloY3FkSFE0WTZwM7SS2cYpWEqkcPYjx2aZeKQ=,0.994287,,,
VndsQkVlY3l1OXNnTUFkYhFR3PJGzeTTLehj/JbjM88=,1.00264,,,
VmZyWUhCRFpGb2JqUXdMdbliPhAAy3BJOTVmPXMkRIo=,0.993150,,,
VmU2NXhBOElUMVVLeUZROdNdkxpVPn4S+OqCCpxYcrI=,0.9930455,,,
VmdyN0tIRTZodlBXRnA4OW6FTw+RJ2zgy/+g8ZSxwOQ=,1.00264,,,
VldpT3owc2dZTG1QU0RxR/6FKCUXOkUVnUTYEzlYhXI=,1.00264,,,
Vk52VVhFb3F0OVJUNU0xQaGwhXaoVW09PLwcDSki//Y=,1.00264,,,
Vk4wMkpBeWdzRGJTY0wzSYouSCd/+tyHTpjm0AVtr+I=,1.00115525,,,
VjZuZktySUJ6OGtOZGdDMbXzGiBBmFqGwOOxTDkHp3U=,1.00264,,,
VjZobWk3a3hVT05zUTJUZVwF/RpllAiIgH61fDVP2P0=,0.997612,,,
VjhQM2FKZElwTzJZbmNqUjUxDwu48DkvotSZtRYDoaM=,1.00264,,,
VjBIak9GOGlXa3BCUWRYYQnDlW934leAUq6b9Mco4c8=,0.994152,,,
VHNYMU51MjNRS1BNd0JMVb4nTLnRazsveVQpgZUJxjQ=,1.00264,,,
VHNvcW03SHdLZ01CajIwUAOJ3XuMELg09v6qMYgjwvk=,0.99701825,,,
VHIzU2wxY2FFOEZxSmhRdTyFsx0qgeinJzHMcnwPnvs=,1.00264,,,
VHFMeU1LZGZObVhKMXpIT2OCnewh0nkx9nagb9EKdyU=,1.00264,,,
VHFlanlwdHVQTGxSTndIVhWx+RSR1hZFfjzv9/n+3Bw=,1.00264,,,
VGZHUnQ3blVlZ2lJNXdyWBYVYzzpmA3qBhcuVelnPzg=,1.00275,,,
VGw0bkhJb1V5QTViSzIwUc7KfUAKonlO4Q3xaSz0D0g=,0.9906645,,,
VGtscE92eU5pQVJWS3U3ZzgmefMSZWp6FHnzN0dmejg=,1.00264,,,
VGtQRVhNUTh0MjlPVkRTbBaoiFApUtrXJyAvtSWv788=,1.00264,,,
VGtlcHptUlhXQmdvdVVWcs+4Ej2OxDY3ah5wkXEsscU=,1.00264,,,
VGJ3T0VBN1kxY1JHbVdaeqh/ZBr2fxw3hY+d+3W+JA0=,1.00264,,,
VG5wMm04dkhHSWhKNmNnWmM5vrTc5w8J04dJq4++27k=,1.00264,,,
VG1Wck1zcTVCek85dDJnUzDG7Z1Hv7LwnGqzOfCj17E=,1.00264,,,
VG02SXZDZlVOcnRhMm9IZd8UayB1N45D2xGT1tbb/yU=,1.00264,,,
VFpqTXJueVFHWDZwUGxSMdODMWFKbPsdHuA+fXxLRgg=,0.986647,,,
VEkzbFhBbmk2Y1d6b0xqUaHKqZikJq4LX++wm8Y5nRU=,0.9993195,,,
VEcydW94cXQwZk1QcmVTYd4Bq70Hwhk8cz9ehhxhqLU=,1.0002365,,,
VE1GT0h1M0lYaUNQbWZ5ZKRum+GMTVDPvb4yt+9aYKU=,0.9929665,,,
VE11b1BMUmFzY0dFVTFucmv7glAxnUfB72FIHfyH1vQ=,1.00096,,,
VDVuUzFEWXhGdGdzdlA2akAXIAJlVjlPXI7iuBkfq4g=,1.00264,,,
VDhxS0dVbjM1aWhiZldPNHEcKoQ2hDaNJwJsbrBbpLo=,1.00458,,,
VDFIVjd6aFFMQklXRWdwRIIMGu4vbed1scpl+yqLWI0=,0.990848,,,
VDEzbVZPdkRxNUpVYmk3avwYcbERDCU1jD9cOJ+CLyY=,1.00264,,,
V3RNMUFJTDd5NTBtT1JYamZdMvPL7gpB309NnLXff8k=,1.00264,,,
V3pBNE1ab09ZOWx1eXNqMteVUUFQtE1OudROAh7utCc=,0.994287,,,
V3NHSG15NGIwRmEyVVZTatKP+ocz13Lye+F++z9rN2w=,0.996699,,,
V3MzREhTTTJRY04xZ0ZPRV1v853DyyEjJbYwflHZOzk=,0.99843225,,,
V3k2Tng3dTNzMER3NWhWaqkCYOJD8zMbf3jQOolq2c4=,0.99593925,,,
V3JoSXN6QTU5dEVWWkZ2be1IgOHLWnZbdGr/k+2Jmh0=,1.00137,,,
V2M3SnhHZzB2VmxFcXdhMR8EyzMOp2ZGIazkzwgv3s8=,1.00264,,,
V2lwUlh6bGZUZVFvNXc5SaZX0Jrn/xOyknX5HiWMDPA=,0.994287,,,
V1NRbFRwTkNBWXZqSlVMdXvO1oD2OgeaSf7X5EABkAI=,1.01178,,,
V1lDZjNKakk4UE1zOTJiVDNbAjkCRteD93+LuTAgeuw=,1.00264,,,
V0w3RFRteTEwU2F6YlA0SdZmapzaOh61qNLf+SFtf2k=,0.99735725,,,
V0VSMk41clhBd29tVVQ0TWNk7lbQl5CMSCnIR+ih5y4=,1.00264,,,
V0RZRW92Mk9HMFMxNGNOaXQwDP5b7DdqjInIt1H4cNw=,1.00322,,,
V0FnWnc5bzB2M2xJRXM4T7H/pwtSEmmwbX4pOHwYmiA=,1.00359,,,
UzVuT2dMMWZHWGhQdHhyUV1GFziH4Zwk7rlbYoLUMy8=,0.990303,,,
UzRkMnZjcnU5c3FSMFBNWUC1p/JL5ZNOOk5iZXp0vAw=,1.00264,,,
UzJmbkdMUVlXWlRhSHJjQYfq7pJp4slKgxZ4D7dV1xo=,0.996338,,,
UXRUekd2NHNDZTY3bHVtV3fOZY2093Fljd+j4Pd6tdI=,1.00264,,,
UWNZdkdmcUloQmlUUzkwM08+u7hT+LE12xREpr9RGek=,1.00264,,,
UWhaWTVTazhIZGZsMUI3RBxkMR7ngk5+HEnDeKXndZw=,1.00264,,,
UW1SeDlGWE5TZ2tEMXFBVtKGdonsklz9S9bDxe5HP3k=,0.987749,,,
UVladXhzZkRrQ1hIcjR0TgnPfKVlU7NulDNVFBZfX/0=,0.993508,,,
UVhGQXg1Q284WVRJOWpHS+uKwSYVBeyMsxBYR72eYnw=,1.00264,,,
UUlvaTlCZFptWXBjU2ZYMusGf8VfE7e1yW5ajmJ0cqY=,0.9964265,,,
UUltNVlOd25nSGxkRExDdPK5KLZIOzYv8hZ+730oINc=,1.0004475,,,
UUJEcTZhd2dITzRoMDV5UBMv7iJhAjNUWRU7f15PlC8=,1.00264,,,
UUdFbnVTSW9oVjBGalhiNzQDUOftJ90uzPGGrdiVI5k=,1.00264,,,
UUc3Y3Z3aloxV1JNaDZ4cUf42UlBZujP2O7MJ51Zu2I=,1.00264,,,
UTJaZHl3RXpBNnBMSHNLdbcBV4XujJuilcRS+J7R1wg=,1.00264,,,
UnZnb3VGeTVBWk1WUFNHMn3ReQ99oyJBzWJnho88Qtc=,0.9963815,,,
UnQ2Q2RlTUpMUWMzWFlGa8OSBdpBeD3Ja91LxmmmBFE=,0.994103,,,
UndXeVY3dUdrSmQyVWpZM2vDY/bvWEDlS5G4L7IjxpI=,1.00264,,,
UnBEeld2eVZhaU4xM3dUNaWPmTCPAx833kOY7IDIy7w=,1.00264,,,
UmxJS1puRk12bTVjemZxV17U9r+juyBTvEShesJ9WIY=,1.00264,,,
UmU2dFk0b0dkRU1ITk95U34zxgR3mOw38F1xT5iwXe8=,1.00264,,,
Ump3QXZhWE9TZ3RrRTJKTIJUurE6eoPKlg63utfBM18=,1.00379,,,
UmlIRldBSjIxOGJPRHVqR8lfNhOrT/I5Zs9IW0r4Z5k=,1.00640,,,
UmFsRDNUZjAxOXJ4Nk9CSg66amk5qymaXcBFl+CXtps=,1.00264,,,
UlZFNmZZSVV5SHpEZ2xMaAiOlG2v1o/fA4eZcFVSBJU=,1.00219025,,,
UlR2MFdCeWpBbllnMlZDUJfXw8TfXV9bDtX43FTCM6I=,1.00264,,,
Ulh5TVo0SVFOYXNjcXo4bzyo7VyFE/0sgd4wrlOryxc=,1.00677,,,
UldveVNjbGtNdHJOaVFtNl6ijLupX0lDePMAfWPtm/o=,1.00675,,,
UlBVZFRLMzc1Zmh1emtWMffPrGz65vgHF82+N1/87U4=,0.997066,,,
UlAxMFlFc3V6Vml4VEFlZPbdY0AyhXwW/6VYcHePtQ8=,1.00264,,,
UkVLa24yN3kxdFNlekIzb9hiXA+BX3oCaEXiKi1QKFQ=,1.00458,,,
UktFWW1yMVgzMExRQklndZGRSmw/b8calbg6NfuJRhc=,1.00264,,,
UkhnMFRKb0s3UHhNc0czbPvJKzMuWzr1eobkUF5nIGE=,1.00786,,,
UjZtb2VzSDBMQ0twa3VqeEOxtFdyVRzPeyLUCekF/Zk=,1.00264,,,
UjZjRlo0V0RiVEJFT1lMZsCHwxw1qPoCsJRAR4xPxSg=,1.00264,,,
UjU5Mk9QanBMdEYzbEhOVklRlRXLX2fqNS1tqQdM0TI=,1.00264,,,
UjN4OE1jV3lUWFFsSWs1NKK7egEt9e+rd86Q5ElzHzI=,1.00264,,,
UjJoTEpGVWs1SzFIOVpxQm8ipmvU3UumHrVrUAl+woo=,1.00264,,,
UjhYRDFndnBxWUtDZFYyTQPURQO1fgTBEYcBX4ivX1Q=,1.00264,,,
Ujc2Z0JPNXZpbFBUd0lxTdC+cCXBYvUc+NB5+sunVKk=,1.00400,,,
UjBGYzk3M1NDdVFCVW41ZS19KiEkTH41c7LoS4CtIwY=,1.00264,,,
UHZNSkxBZENmMEszdDQ3YiboDxy8Qp9duP1Z4mVSChs=,1.00264,,,
UHZKV0hvYVhUcnhBWmZiVk8iOVutW7WdusQ5mULyZaI=,1.00264,,,
UHRPbXNlb2dwdjFaR2NhWIO4U1fKh78yuRlqtMJvvTU=,0.999231,,,
UGZRc0g2bkdrb2FZSlYyTAuCkq+T1vbCB5KfnQHpWxQ=,1.00264,,,
UGZaWWJCanQ3SVhVTVdtemgwVQUMF+mhzpl/SkI0Iig=,1.00264,,,
UGNCWERmZVVhck5rU3hwV97L1pJHk7cF36WZ4rHmgn4=,1.00491,,,
UGJxd0FtNmdlVDFOZDNKbH5hjRccTkkFcxmkJgrfiDU=,1.00264,,,
UGhKQXR6bU5zTWJvdjZnRfBSReAru6+KNycpZEhnhAU=,1.00359,,,
UFhZVzdTdnVxVmRVUlo0ecIt4Pxpy5m5Iu62Z5nzR/A=,1.00264,,,
UFdmRmxwajlhWTZVR1IxM1yYwUlt6hl50Aco7jRJVis=,1.00264,,,
UEVuTzdiS3hUdVYzWWZtd17vvWDwxvwQPPjJB8+NJzs=,1.00264,,,
UEljT05tRXBUekxuOGJoeWRES4oL9/UzFRCDOfgJHoY=,1.00155825,,,
UEE5NlVRc0thUkIwZkxKWoL0W209nLVW6E3otg+CD2o=,1.00264,,,
UEdidW5DV1FEb2g5S2dMdAypnLbCfxc7lz3WCYjaZrI=,1.00264,,,
UDRwTFR4aDZpMmo4cWttUx3LNmEzFZOTfSr2IGKWHNY=,1.00264,,,
UDBrVG5ONTlLYTFwZVIzSMAycEnMkjqGZaZ2ZykPnI0=,1.00757,,,
U3N4VXJORmxEemZiUHFDRdG/2frr0G9A2/Tnp++bwCw=,0.989569,,,
U3c1WlhyVGJZSTM0Z3FCV+yTAXMxwwSbpcfDOVqcV+I=,1.00264,,,
U2Z0Ym9KWG5DdXc5a3BzRb8E4VOfXqsokpGECXsKFdw=,1.00264,,,
U2RVNTF6Z0pROWJoeGZhWGdJjrkXD4kSkLGDIiIuAEY=,1.00264,,,
U2p2SGxNdFg3REowQmlWYbntvpWh6GytiNAMnL8AwUs=,0.989353,,,
U2NGckdnZk1qcEVxWWViTF8AJbXITjjYW1w3b18TL4g=,1.00264,,,
U2lFblk4Zkc1TW1zWjk2QX3cYaVjkdByBXug7UzX2rA=,0.99467375,,,
U2kwcUxjYkdWalBEQ0VaM+Bk9Jv08ptvRnLKg24pJkA=,1.00264,,,
U1VXWmpKdTM5ZEVMWUNpT7vlGZKLCQeiz1P3lsQQGTw=,1.00264,,,
U1Rlamx5M2JGQ25KelFkc3FvEqUPjZIhbku7wyrixO0=,1.00544,,,
U0Y5TENsMHRUTmFqNVI0Wl++ZLCX8ZJoD1aciS5dwb8=,1.00264,,,
U0U4bUM0NWtwRG5VelZOUJh/csk+p4cSB7AnB998xlc=,1.00264,,,
U0RDVGphMDE5ODJKa3F6UUEZVGCUnBkE3bJKHfGnS94=,1.00264,,,
TzZrUlUxQmVXMGdHbkphelaqzI0HxVJraJ70Jbeia4s=,1.00264,,,
TzVueUtqeHQyZ0RjZTA3MwQ6y54WRbHPyAuQPYR54Mo=,1.0047725,,,
TzVIZHdUR2l1YTdEaFhwcoYQeFJRngbzyje35wfEp74=,1.00305,,,
TzRReGJtWEtEamxxNVVvTX3oIO7zsMD/zPrl/dFOrV4=,1.00264,,,
TzNwVENTTG5lREZ5c2l2VvCttsbNIi3L/UqWR3fUTO4=,0.99249,,,
TzlJNGJXUkhmTVF5TlU4TJ/n3w96XoyqeSKiBpaH9U8=,1.00264,,,
TXIwQmo5cWVQRzVVcFRBaXM6ogMPc52yobrRT8MZ5Fo=,1.00264,,,
TWpOcko2ejVhM1ZubFJ4cewYghJ+GnYzEAwtnZ7v87I=,1.00264,,,
TVI0aW5TQU9GMFBhb3VjNncL6jsQIkdPYEjq9GIkb+c=,1.00264,,,
TVg3MXZ1Rnc1YzJnQ2FWcAEz3ckeeSfEicymKM9iX2k=,1.00264,,,
TUxwQzZLUjJ1YWgxazdZc3QK7+afHLmVfXDJ8V5YeN0=,1.00264,,,
TUtMdlB0amtteFdWM1JkeZOHP5+wO4R5etncSmrYH4U=,1.0054255,,,
TUMxdlB1aWc2NW0zV2hBMqhLUTxdjYOquSZ7+AmgZMs=,0.988809,,,
TUJRMjdMOVBnc2lFWFlUVRLVZACkfp8jbWKlz3palCM=,1.00264,,,
TUhYblEzRno3WmRUcVNLZoILbQWYsAtNR/5ODybLKUA=,0.997469,,,
TnVURlJJdmJpWGhRS1M4eHwkahTppz8rCvsRZdNZNgk=,0.9917945,,,
TnRuY3hMYlJDSFhWRUppa5HBUwI9/sKhmuAkE/HPAMo=,1.00264,,,
TnRJT3lETVRXMEF4UW9pRV7Wmq/ZjVUSXwBqU9ffPVE=,1.00264,,,
TnJCbTVZdlBYMWVHRVduaMTvoCPWGAjLCelhmPQggrE=,1.00742,,,
TnIyRmJLSEVQV21pWk1HMwzplqOGZjsdI3v3FKjrqsY=,1.00264,,,
TnIxUUl4WVJVY3VxSERaMJCsi0IIlC8GrIsBRXuLQ/Q=,0.99943675,,,
TnFaZFJoVTV6VkZKY0R1M6J0foWhfrnFDhKcVrVWzco=,1.00264,,,
TmttN1Fob1NYeFdMRzF1c+fEmuRY+0EdHLhYShEWyfM=,1.00264,,,
TmNwYlA3allBaUdtazNuRN8Q4WAy2L2Muxlrfk+HV7s=,1.00764,,,
TmdiSVk5MFdtSDNjN09FRrgFma++nk8TX0krz6RLZ2E=,0.99993325,,,
Tm9sSkdRRmZEbTh4bkwwarGVayzbCtPG+Fh6zj8btfA=,1.00264,,,
TlV0SGhzdkl3TDRkZXpBU4U+lYXF8n373uZJTpSCF4E=,1.00969,,,
TlRKRkVNWlE5NmRoSFJZV/vuqi5afmH3VLdsDG3iwmc=,0.989102,,,
TllIUDB5UWVCcUFDM3ZEVwWILrMp+87Ucc0vwDurRc4=,0.996883,,,
TllGdXNLaXhxdFpoM2Mxar9I3OY3XHEKst3fLHkUKVo=,1.00786,,,
TlhMMXVoSkkyUG5rV2Vid/3VBsINegIcsls2u+LY0B8=,0.994043,,,
Tlg4ZGxSQTlEdnhIN1FNc39MS9RQVisBKMOdAqmSSJQ=,1.00749,,,
TkZSdlRvMURKcHFqYVV3M8N4Y5nFOxtFq4N/et/pGBA=,1.00264,,,
TkxkejVmeTg0VGdTUVZGbrhu1gJopGxAiq23Lbcs+G4=,0.9917945,,,
TkVrQXpwbUlQckdlRjRoavBs1EkJtaJXECdUF5hy+ps=,1.00264,,,
TkNyRGFnNUc5UlZNOG5ib3Jkps+iTo5SO5Q9PjXTQX0=,1.003325,,,
Tkk2Q0RCMFJUZm1FOEtNSMwiXJnsvanMvAglJvrNH7E=,0.990702,,,
TkJyRWFUVkpnaDRwMEFaObUZkxBHDLM4JmgSb1lHdyw=,1.00969,,,
TkFueEM4UE9pTDZlZDRJY1829rbofIAnnP6OUOqYdGk=,1.00824,,,
Tjd5SmRUZlo4Q2p4SWxoV9VvlvO3rPaJuppjXYgmvnI=,1.00264,,,
TjBHN1lXa2pINGxPSU16ceQHfI8Txlxy33UECm2e6rg=,1.00264,,,
THRmVVF3RGVPcTBNNlZaQzQHmq0avgjznNBCsfEhQEk=,1.00357075,,,
THlLRDg5U21NMjNkWkc2bh4PRxSyqamXscv+ZTO48mQ=,0.996351,,,
TG9JaktEckp6QUJ2dE9iNntxqvocw59YPFPRQUmK91M=,0.987382,,,
TG94d3pYU3FhM01Lck9FaFB2S6987qBxAQTFdXVD+uM=,1.00264,,,
TFJDQnlLd09rTlNnaTNjNu1CIajPG8xZGNr+o7GZnIM=,0.996699,,,
TFdTZmhrdmdyVGNPWVhGMKvdM2Db3A0X3BjXVD3QjVg=,1.00264,,,
TEpSU1dGUDNaQml4UXdFTk+SA/ef67RsxrRGCFAEA+4=,1.005375,,,
TEpPY2RDWTdiRWVVQk1nWt6dUNIoMjdIJP35J2ebdvQ=,1.00452,,,
TEhZNmtNWGNTUlBuR050Vhiu+C2BoEFCMAnq9EsLY3Q=,1.00264,,,
TDVhVnBmb2VHN2wzMjF3OMqXYtzErU0AmTKqdBVb6vw=,1.00264,,,
TDJsaUMzdFdSamh6RVU2SpMTWofRywXAtYQ8PfV8szQ=,1.00264,,,
TDBOZ1JPSUtvWlV3Smk1MroVhxAdtgiBCL0f2qV7zEw=,1.00525,,,
T3pwV2NNZUpZZDF0UVg1dU3iGrjo0ChRcqaUJUMADU0=,1.00264,,,
T3duSkZlMzBka0t1MWhtarluKpBoJeJmbj6hzjwWzm4=,1.00264,,,
T3BqUkZiNlREbmR3dEpmaVD5nDJqtCSvEobV3K/2zXg=,0.99874775,,,
T3A1b1VWMndtbjRjTFRrelv6eEdh27CyuOl+c9sbPZ0=,0.994287,,,
T2xJUWV3ZkNqU0hYa2h4RZC08TKr66atdfbRfGdvOpg=,1.00264,,,
T2o1YkZQMU5peXRBcnhEYZOJhXrHqodp7bEYBDo2v2Y=,0.988042,,,
T2JLblpkajc5VFJtNEpxda7rDOWR1Vz4AeSMsHNF9Mc=,1.00264,,,
T284RXFuZFdKelVMRFpDQr3qvvnoZjWISmp9XZMBiTM=,1.00264,,,
T1kwZjRlVUFieDgyM25FeUOxHzfMy2/x+JK+AuX1w5Y=,1.00442,,,
T1JGaTNJQk02dzkxTHNVdo1oWQ84FdyDtdN9ba6jJ+s=,1.00264,,,
T0wyalA4UjZDVHdzaTl1TehsE3G8IrU3YplTxfCCMcA=,1.00264,,,
T0lXRllNY3NHZlVWZG9ueK8wSWZFvSxYh9FvMVUNlZg=,1.00264,,,
T0F4dkZjWG1wRFBoeVVUYqhWfbffL9zKaRO9H/vuR2g=,1.00361,,,
SzVzQmFnUHBKaWhScUE2NG2K9eqQo8xhhB/KnaQ8Ce8=,1.00264,,,
SzJYTFV2eU9OOW03ZnVZabWTrnVDoTTCN8W5X6XHkOk=,1.00264,,,
SXZtemgyYllpQmdYczA2M5ZxKZCDytpzI3156LeX9c8=,0.989102,,,
SXJXdnBZZFp1RkFPRDNtVv35e4xXBWtRaJ0+4DYyJHo=,1.00246,,,
SXJhUUFWeENOcW9uMTNqT2cZTSSSposqskzL22lleec=,1.00264,,,
SXFVUGhDTlZtbmFYZlNHcylMklQVB5a5a89qiNqVGFo=,1.00807,,,
SXdpaHVvZHZCU3pGYzZwNHByPZGnkNDY+RHwibc1xKQ=,1.00410,,,
SXBLZ0xReUNrd3F6ZlNYaa4ZZMUQuv9d8T5MoSxuZow=,0.99950925,,,
SWRTVHphckdRRTVOZTRMT54VThGvWB7KaGV5vGdv6+E=,1.00896,,,
SWc1ZGtvUjhYRHozczBsSMKM2lEE4NdgW1Q8BOsug0M=,0.994287,,,
SVhZcTNuYzZIQTdzS1NnV3nQdjdyHWfKY1QcfQLerTE=,1.00264,,,
SVBKM3N1cFpDMUcwS1MyQr3kJCO+MZql4z0AeN/Dvbs=,1.00264,,,
SVB2ZXUwWEVGTWJsaTZMSHMSV+hbEgnsEY4IgXPY4b8=,1.00264,,,
SVA5ZHVGcm9KTXY1Z1QxTnf5uHWru7eq0tKehZDdcaE=,1.00264,,,
SVA2ZU1yelVqU1JiRTREMG88/97lpd9d+n4Uw7Be9JE=,0.9970375,,,
SUZOcXJERUdWa1RhaG5nMqFci96Q6KwqvXf2IFWe0HQ=,1.00264,,,
SUdWdDROblRRMnNZaE1SbQglN1S9JbPMPlsKge6C21A=,1.00608,,,
SnpYTHFlSTJsR2pEY2Ftd4415sYfYXXsnSeXZW5lFaY=,1.00264,,,
SnlXWlViTjBIdGl4dnNFT/WaYfOEv7oEtkr7mEbA6LI=,1.0068625,,,
SnI5TXVDVjdSQnQxU3pJZ1Hl43RDIxGzLiCGjOdNPA4=,1.00264,,,
SnBrbTVub0dUWnRhZHlXdeFDkYcHink2RdFXb5Vn05g=,1.00264,,,
SnBEcjNtVW91UkxJSFp4VN/FcA4YqWpXd1ZB2oUfNbA=,1.00198,,,
SmZPakE3V2xRcUg2Y0tkaL+8tiIY8S/cvWlRUNPpv7A=,1.00264,,,
SmZoaXlGOHJNNFlCa1hORXqP5kHk+ZoXyJ/EJ6VqSxU=,1.00264,,,
Sm1XQ3JBc1IwZ2hsa1FiZN1VSl9QJ85tBiVGnXo6bDM=,1.00305,,,
Sm1DSVRGQmk1Z1EzcThZZj1ckm3nTfB+LCFtZkyKCLg=,0.999231,,,
SlBoN3ZDMHp1dE5HUldnUdSzGakrQ4M+ENCiEHfh66A=,1.00264,,,
SkVpNkNzUWpXRFRlTE1QbJ7UzHZsyoPsMBBfxef9hmg=,1.00264,,,
SjUxd2ZGM1ZDOGQ3cHYyWqn2QRsgMid8p8D2Shjt/aI=,1.00264,,,
SjJWbWlCUWFQNGZlU0tHM58D+eeQbsXzrZ75XUW9KeY=,1.00452,,,
SjJvN2dXWWwwQlJ2NkRFMyeaeM/qSWlAvHxWN+0rQug=,0.9994145,,,
SHlDMDZScU8zcjJkVUFOYqqpRMb/c8C3k+vVNUo7O+8=,1.00590,,,
SHBZZlhoUUdjbnh0TVdVVLn50MW7MzJuEwtIvXdvJWU=,0.99330325,,,
SGRLdFVzMlNrTjNWREpqejGh9R8J9xuAJrctKrExPp4=,1.00264,,,
SGJ0cmZ3amRCS1MxQ3hKWL+JXQma4ON+DG8Gn8XOvzE=,1.00264,,,
SFZKRG9QaTVzRXFXcEJTUq/rie/IxDgi/QcdNqZ/dSA=,1.0076725,,,
SExFdEpnaVdWUGhOTUs1Vb/kn6Tcq8CGHfE6vO/q760=,1.00286,,,
SEs0VGpMelhJdW84WVFmV6cmrdX+8+0THgnRmYeIf7o=,1.00264,,,
SEdoTnBDemZuM3dNc2daNnku9NH/gMWr+2xxbsSlmio=,1.001985,,,
SE95MGJsUEU5RGlZcXJSMx/gShmqo7s1MmK4FNDa+Sk=,1.00264,,,
SE1US2l2WldwSjVHY0ZCZvh1dGPJn4zTfpYvzRQzSDU=,1.00264,,,
S3VCdDRQUVpZNzZXb3F3ScBrrbyJ33WQhZu5svoHrLw=,1.00264,,,
S3R1Qk9vY05VTFh2YXgwayVWwHmlwRvu0PcV0uQ74Fc=,1.00264,,,
S3pjbnVCMDdyeDJXNGpDVDgu1Ejxew9wNwELkWwddZ8=,1.00264,,,
S3JkM2FRa0kwcWJUSnZGN85M3ZMbPrizdLO++xxmDMU=,0.999231,,,
S2xxR2JtSEFNSmFkZzl5Y4pgfOOZ5Bx/nH2FyFQs6u4=,1.00264,,,
S2NQeWQ4OWZyMm56TE0zSaO8mH9Ll8ZMAxNh4VEB+iM=,1.00264,,,
S2lTRG5IQVZ2b3h1UUw1TsJDEPw0XSYvUpAUZt8RUUg=,0.991141,,,
S2FsWTF0N0MzakhPTFpGUbSq5yihEff4xDrmpnB46No=,1.00264,,,
S2dMWVBYMDM0Wnh2RUMyRy4ayen2SB8ItkdjYXdZlTg=,0.99701825,,,
S1FyU0JuRENOYnYwUGNaMh4l2Mg5mCqPEQBA8VqV5Ds=,1.00264,,,
S1BYZDJlYVZnY09SQUZudN8hgGK7ttpf3NOKAnIy8cY=,1.00776,,,
S0VlMUxIYUJ5TkNGWDJSU4cZpRFjr0336kzH7xerTvM=,1.005375,,,
S0oxV0lNOW9WaHpOUkJHacDIxc3lARZyQii0OOyg27c=,1.00264,,,
S0lyTFV5M2Uxc1JXYXZKT+aPRV7KAjAiX1gRyl6Abtg=,1.00640,,,
S0d4UlFjbGRQc0pvNTRaTkB9H0iCfxNiq8V1Az+Qqsg=,1.01233,,,
RzY0MHcybEt4aG5hclJCdBgyiISle27B/e313qAyCto=,0.999598,,,
RzV1WjNyUUZFYVZqWTQ3bD3pZdf9Q4JnYxfy4OQnDP4=,0.99261475,,,
RzhMallQejN5dXdSaDJnWnfGn5zgxj5W49P1Huuzmv8=,0.99735725,,,
RzhiS2xPQWhFRHZaNG9rQ4n5Y+3mRFwwnRFS+yjcEsM=,0.988409,,,
RWZJZ1owd3R4am1WeU5yNx6Kuk+yQRfd1MI8/X61fgM=,1.00264,,,
RWNmbnhPNDU4OWRlRDN5c3cu7nEh+PJv4PIfbbJ6pJA=,0.99943675,,,
RW9qZlJzS0lhQmxraHpldl1RTGWHjdHQk2M8lpV7b9c=,1.00264,,,
RW1ZakpVZEI5NDdjS3BRZXjKNcyVs1LziboESvaebKw=,1.00491,,,
RVZXWTFac2QyN0FwaU1OcjhmSxlv12M71B4rDECYXcI=,1.012695,,,
RVRjaVY2OFM0bEZzcmhJbtI480N8naupwhlLLZsaE4Y=,1.00264,,,
RVQ1aDJjWDZTTlFGcUtmT+Ck3PbeyFQ7D3YZ/gqgr04=,0.988226,,,
RVNSVGwxSGo0M1VGOTJpZlSzyadbN4jmpUUCvGosVpU=,1.00264,,,
RUYzRzlRenVETlJTSjAxcQea6eeWzWZBAua5zySI/u4=,1.0005075,,,
RUxNVk9kcjlsMTBzRGlUbXPZ3twylj9UBEUMIQw/QV0=,1.0080425,,,
RUwweG1CS1ljZGw2MlJiaVeeJdv/DB+xx5Mohajwb1c=,1.00264,,,
RUNTckY1WXZabXVqMjRlN58NruxAWdsTJIBQxK9Sjvg=,1.00264,,,
RUhDaFZhMklQbXN4VTZPb21+XFh5GVi04p86q8OkDbo=,1.00264,,,
RTZ6bEZ1YzFiQU1od1IweNeKZRBlrkCPAmD82UHhCyY=,1.00264,,,
RTRLeWZsdTVaVWJ6R1NJYX9VnxDIWUzJ7GYrGUj0OIs=,1.00264,,,
RmR1bWxLUklMMzJTckpYVyTzojiutCprMMTeo+J3+Jg=,0.9917945,,,
RmpiaENMVVk1MXZzMEFmbc0Y2YcDRScuOlzggnxnrqc=,1.00264,,,
Rmp5S1Y3ZkRPcHZVV0FKUAAnp6oZwXBEWTf1dMb8PmU=,1.00264,,,
RmNmQ0Q5dGIxanFhcjVKc/xG721NdLflKO/zJgzNf6M=,1.00556,,,
RlUzSXJaTG9sSnhwVldBZnmutfBiNXEVxuMsqDm1jEM=,1.00264,,,
RlpKYnJHaHlJWXBWekVTQu6iKLVRCFxkklFHLUL+3x0=,1.00264,,,
RlhzUU5nT3Q2TEtSYTlKeBbEM2wycn/S7v6GdAh3Pgc=,0.986830,,,
RkxQdFRwNlJKTlhCMllFTQounkxRP7A5UGsUifSZI/Q=,1.00264,,,
Rkxnbldpc3U5QjdEQ3djZoSjqdqMnDCyIlu7uXoU1PM=,1.00264,,,
RkszYWRpWW1MYjA4dkVmZ6ie0Yc3W7vVa6i5qAHPocM=,1.00264,,,
RkowanhmSEs1VkxaUXpXR4RmBnofhITOlA2HgEjJIP8=,1.00656,,,
RkhRaFQ5aXN6dGNyRGtSQ0DHfjo8Wo70uBQGSJa1ua8=,1.00264,,,
RkFwTUVZRHJhb2kxZ0xOa+IOZMPubKVADe43nzhqVLg=,1.0017975,,,
RjVtMThRWWE5UFY3ckRXZUfQP+dRTsCOcmcHi/u3FmU=,1.00458,,,
RjF4SGFQd3Y2T3I1RWNWdUbQ0LnM0bXiQQDuAhuKfkQ=,1.00373,,,
RHNxWUxmeTJibml6ZTlWWOzfchVx2msyD4wxQL8vhZk=,1.00264,,,
RHJHVkZ1MWNScXZDZzh6VR5AEtO8gPr0q5f2c8riFbw=,1.01252,,,
RHhXa2NpSVA1c3o2bnlDao53eIEF+t3z0PpPQWsJG+U=,0.998020,,,
RHBrY3dRMjc1YnJ4NnlXcze6iNDKRaArg6cS2LiuSoQ=,1.00264,,,
RGJhZW5UcUZwOVI2dnRCbygPJEQLGA1gQFzDbd5uui8=,1.00264,,,
RFF5S3VMNEhJTTZZOEo5btlw+bWy7UgMLAxyobY8hKc=,0.99911775,,,
REpDSDduaXViTXRLR3k1b8Slkxsi5DOEziAQ1a3pKRU=,1.00530,,,
RDRCb0Zkc21KY1ZPWmF4MSByhtueiZSmaNcyGm5mGXg=,1.00837,,,
RDQyc2VNM3JGQmlZblhKOLt7AO4j0bKzn7BUmcdk06Q=,1.00264,,,
RDdKeEVncUY2cGRMbnRydmDwDwoWAChNhsBlcbOdIcU=,1.00264,,,
RDB4QXQ2a3ljbXpFSVNIcKSb2D4TMMA++lITJS/XB5k=,1.00410,,,
R3RXYWZ1TWw3MW1RQ2d4WmA+kWjuT0P4iYSlNZRZcDA=,0.991541,,,
R3FVMHNwcmNPRTdCM1RSTsptQimmOky0VZS78dnCGog=,0.996699,,,
R2xRSGkxb0pSZW1VNGg2T4bM3z5+Ux4EDfiSFAla88U=,0.996883,,,
R2l1UlRqMjQ4dG9Wa3JXTJISo0umJP6fXOL7WHMNDJo=,1.00264,,,
R2JodnJEUHp3SjhaQVlCVmyw/Dou/gSHLhjtKQ+4z/o=,0.989353,,,
R29WSVBYek1UTzd1V2JwdoBc3kDuiYwBzGQYbXTQv1w=,1.0080425,,,
R21QNmNOYnBrck1FVGFRUqRLbHWI4/Yv8bjLz6DkA+U=,1.0080425,,,
R1kzU2VXSlZNNm5EaXh1d52KH3n/BocjHL5pQWjNhpU=,1.00264,,,
R1hsTnRCZVc5VGg3RWZKbhy7mik/3DgqSdd9uq0Bzuk=,1.00264,,,
R0xBclBpemdxTm9YMEZmNGF+tR1CC56vUaJ3DtRBSiA=,1.00225925,,,
R0hyQ3AyYlF5NDBlWWMxTWsRiMfRtoK9maspIUs9FmM=,1.00391,,,
R096Q0ZTV2o1Y1lUb2VINthZs9dIUk86TNl5mmq28MA=,0.989102,,,
R002YlV2RU5kdGE4a0JKT/cYGz6MV2HokMOeY1VSh10=,1.00264,,,
QzRqc3JnSVJXRHg2ZEtRa5SdNygVIa6tbgQvU7qe1ao=,1.00264,,,
QzNpdDRlUEdnTk04YXJmZEC2pltvTJ47TvKisBVmLb0=,1.00264,,,
QXRjZlhiWVBrQ3l6TUpkU1IRTMKbQO8epqaum2iRgL0=,1.00907,,,
QXQzMXlPWWZuY0NqRkhFbB0qf4tr47AXRr7AzjVq3vA=,0.999231,,,
QXFmVW5qdnA3dHhUUXVoVuJXdcQyC3XJtB02v6ln5SI=,1.00264,,,
QXdDYjhJb005aWZocE5UZVGoqQ1UQnobbi64x43EgBI=,0.993736,,,
QXBxUG5iUXVDWHM4QlJ6STpsBIIS524WOOrbdjEL+7Y=,1.00264,,,
QXBoUkphME9kdzd1a045WdIZtUY/xCnZkeDIkzfwzAk=,1.00544,,,
QWRIaEZuTHdKWWlFeDFvY2FqgLAO0fqaJzT+UTEpIk0=,1.00501,,,
QWlEM242eEo3b1U1d2pPTL0XtLBfhQx+qbFW0qCfoE8=,1.00691,,,
QWJwdXpuR3Yxa1VpaFJWTUm0h0j2r+Uh15Fa5b8Cf7M=,1.00264,,,
QWJFTHRHUEhjQkY5M2lrMQe6eTFOlnQ2nEE63YUJDqE=,1.00357075,,,
QWE3aUVSZ1pLQ2swNFBOdCXxTXPOcv+Etjv/3sNCmpw=,1.00264,,,
QVRLMk9iNXQ4aG9ySEkzUg+dyIgMXVCk4UsYVpjKQOk=,1.00264,,,
QVM2WmUwaHZMSmZjRDgzQna7rBvbHobc1XK/YkQTOC0=,1.00264,,,
QVhUS1NkZ0M0cEhROUVlNuuY9RiBNUpCMeUjw7FBbGQ=,1.00264,,,
QVFvUEphejhsVFUzNW4wa3/iHZG+0oAL4hLs1qDy4pU=,1.00264,,,
QVFDUElldm11VGM2SmtwN3yr2QmxoqHnKFMc4jBw0gg=,1.00322,,,
QVF3ZGNrVFZnMTNCOTdETkhFB8s45xD7tYd89DjuinU=,1.00264,,,
QUV1SEI1TGgwWXhJeUs2eqkaf3nNfnYrkZ7Ygn2IhSI=,1.00264,,,
QUU0OU9JOHN0eXI3Zk54RhJkjceQIUjhGogWwJhHSdc=,1.00264,,,
QUpMckY0Yk9ObWwxWjlJWegREthbjeW9J1k/rYbgUX0=,1.00458,,,
QUlLTmNybDRPUDlXYkJIeVN7UduFkju8R52ZkS3vIQQ=,0.994287,,,
QUd5aWUySk9TM2dqRXpNTt/+ul7IbPoQfmTZS07Mn74=,1.00264,,,
QTV5bGdWUXhLUkg5ckZwNqCBmA2zfdDcA3QWgckXT8Q=,1.0080425,,,
QTJnbURSR0hVOTc1OG9yM9DzCLpX4ZGUqTCEigCNpZU=,0.9986715,,,
QTBacmVKUEt5Ymo3a1V0TWXCMbblJU15hEdkmte8llw=,1.01252,,,
QnU2Q2hBSkRZTWZSM1pYS37xWX6ysCR+HY0vNnUDwts=,0.996338,,,
QnR2Uk1MUWhrbEhlbWlmNeBe9NttqBSZ3V+XEsfTHe0=,1.00264,,,
Qno5eXBIWDBuN1ZUUEdTZn7ujsEe5sC/r1gde7AkCzk=,1.01178,,,
QnlodWNrdEhNeFFqRjZkd8Yy4aphIibBTtw8Z/1nlgM=,0.989936,,,
QnJUcDNSeHFqMG8yNFg5SlYQmgAsL9UQpt2DEMOe3/M=,1.00264,,,
QmpLTlN3Z2x1WFRpbkd2ViWe/0gEhzpU7Ftfo2BazXA=,1.0049775,,,
QmJBd1huWWdlN1dIeUdkelxVKAt0TkKPxBDuk0KmUaQ=,1.00264,,,
QmJ5bDJTWXhEdTdQNkVRWPT+hoUzHWTQwYF8JIDi8Oo=,1.00264,,,
Qm81MnBDZEtPdFBTZndyVRPyZv2CixmHloUMsTcaXgw=,1.00322,,,
QlY1SzJMM21sWW5aaWJJcoW9hrzI9DhcjQnjd0iYK8E=,1.00264,,,
QlNPa0tzUHI4Q3lsRGZKTX1l8UXKr0VMql9LTfP9Fxo=,1.00264,,,
Qlk1bk1SSUpMMlF4MWZPdXc19h4qzmEDkl4lc1Xrq3Y=,1.00491,,,
QlI0bGUyRWl4V3IzVHNwVSMShzPJuS2aYC6XEMMUQEI=,1.00723,,,
QkNaRU00M2RlbThRVHlIYwgy5zHi3RO7U34jlGeF5gs=,0.99774825,,,
QkN0SDl6VVNRNW1zd05jRgh/t0HIxdtaGMNlMfcP4jc=,0.99434575,,,
QkFyZHZwWUtYd2NKa3pDMmw8qBNZyFVIhZuVp4K7E7o=,1.00264,,,
QjZQS3RqWko0RVJibXpvSZqcvYgGgOuxLhQKpowy5as=,1.00264,,,
Qjl3RElMTWU0ekZWQXNFbLhOGTwV7cQizlk2NEWL5Gw=,1.00264,,,
QjJGZHg1dEx2UUllVlU4MZRLuiolAOWfS7rPUXX7PKA=,1.00264,,,
QjJBYTZ5Y1lkWG1FYnRLTyk00mSb9LtiB/oVmZGlNHA=,1.00264,,,
Q3NIOVFieHJoRDA0WVV1Zwq6lCdxXuIhdoLeXcbOTd4=,1.00191825,,,
Q3djTER2WkEzMkVzcjlQaaOApMJHRTY2pbMu08pAq9Q=,0.991541,,,
Q2taNUppNk90V3h2TDJZYlsC8NilOqriXnsRs9IZd/Q=,1.00264,,,
Q2N2MFdwS3FCTGpIMVZJNHyT+WnkVWRb1L94rWs+Rm0=,0.9993275,,,
Q2h0UUZzRVdHOXFLTUxVU7d9rmLCvw/fM4NDK2I9u5s=,1.00264,,,
Q2FMcEpQb25abE9jc2lOcZnWZerp2j8GJYMFvx+k2fo=,1.0014155,,,
Q2FITDlSVTYyd0ZyNDdpaEch9V4mMc1Wd277k9CYa6s=,1.00264,,,
Q1ZyYUJXWVJuTWtVakxxeLtW10NKHyTXzEejcdO6/10=,1.00135025,,,
Q1Jwc0FIckVKeEZXcW5jbyiAwFq6dfPMf6m5+2tdviU=,1.00048525,,,
Q0VPVGdKWVg5TDJNbTRLVze6GiN98jvjpaPKRpaDuuU=,0.993920,,,
Q0tQa2dIZnVMd1VsRTRvMJTgEL+UTjKf6pYu2FgyMFA=,1.00264,,,
Q0c1SVIwSHFFRmw4V3Z5SnSx9fTTv7jDQ7F7iFrlzC8=,1.0080425,,,
Q05URkJ2c0dqbmJLTFFvSUovSZP3IyDApjE6LHOl73k=,1.00264,,,
Q05SRGluTHBVbFQxQUowT65QbpLeaY1WO6EqWXlX9LM=,1.00611,,,
OXVZajZpZGhjcnRiZlRES6Gq5SmnQApuC4zesVWXdqc=,1.0086,,,
OXVGdkRZZE94cVBhMlRSdBTyCoFpUzeA3Ur968atOCk=,1.0116,,,
OXpqYmZGWFJlbE1RYWdoTkel8A1eHeUZq4Ef+OaLXE8=,1.00264,,,
OWZybnQwVm96TWNLUnNJMcoy0OeUpkgKzCZvOlj+sBA=,1.00264,,,
OW4wTEJnTlRpN3JHVTNmTwklHjwTVpJsGPRxmqJZaGY=,1.00264,,,
OVR5T25TcVJIbTNHamNQQXQjRy7bczbfXifOjGu10IA=,0.99884975,,,
OVhPM3FhaWRUTFdOcHdDOAUAZiYL2V855fABVy2IQ/U=,1.00512,,,
OVE1NFZGWk5NeG5nalhDdYyZ25btmcXOJ+u0zuNrHOM=,1.00264,,,
OVdMODN1Z1JPZUh0bVpZdpmSQ/9IZ5tulV5laMCCKmo=,1.000643,,,
OUZmTVJiSjd2QkVIZW96MAG3y+7kDVmhXAy2K5c48M8=,1.00264,,,
OUw3bUNWU0czWFJCYWw2cDRQJjsNfJwzAJtjdVyI3HQ=,1.00264,,,
OUFqbVZzWTBJS2lEdTRTZ1wVcZI1htYSL9Z0xvFXBFA=,1.00987,,,
OU1DUmhFSGFjREZKM0l5dwh5eU6Af2jF5cbofc3jWI4=,1.00264,,,
OTZVUXhtdEplR0JYYldnMJ8HTRCfn3pvDrsNBYiCQ7U=,0.996883,,,
OTdIU2hsdVlkUFJ3QkZOa2NQQJvj4ZrejJRcoApGuUQ=,0.993150,,,
OHREUHdIZ3FGMTJyZmthVh919b6Iz5geyr/TeZYvvp0=,1.00264,,,
OHJ6UllEaVdnb1hxaEF1TYFbhBEIvi4b+JOlNjooOQo=,1.00264,,,
OHJ3bFpjbWtvVWJGOW5PUdubJIsIaK4KsfKbHsikNSI=,1.00264,,,
OHBQRTJkSFJRTmdBOUkxNeROpgBiBqFXKjAp19xPMSM=,1.00264,,,
OGtYSkRNNTBBS1N3NHFkObVU/o4F0Ut4Qtp1P4l68zg=,0.99478675,,,
OGl2TlYwRll6VU9JeVdNSAs/wxOVHnIKwQ0Q5lpSTKM=,1.00264,,,
OGFCRGpMZFNwSW1GaHVWeCKADl7/1Odp3DRzsGha7jI=,1.00264,,,
OGF1SVhFM3hqSGdWd1pXcB4U+7TLTavb66Uw3di52qg=,0.997836,,,
OG80VjZXSkJYbWlQZHFDdE3Gt4/O4+uCSk1cn6VcZsQ=,1.00264,,,
OFZzcTFvZWpOUlE2WFVQTzcVlXOMxt/G3G95TJSrDXI=,1.00264,,,
OFFzd0UwdkNiQXhZVDVjT4Y3wM5YeoFtr7znbr6Ylso=,1.012695,,,
OFFFTU5INEo2dldnbGt0ef8/l+9MC8OB9TfhI1gUgJk=,0.9966,,,
OEo3em54T05FZXF5RDMxQaq4wzbcjh/ProKjo+YfIYk=,1.0007645,,,
OElSMUhzeU12dWQzVmw2ZjwwRQKoIAjU+S6q/nIm2Bs=,1.00264,,,
OEhXYnZQdGg0ZWFFNlpDTZK6VwRd9DAz3M9R/C2yXMw=,1.00264,,,
OEhRWkdpbjFQYkpzWFdvbfznI1uPoM8Fi1r6kl+BFgc=,1.00264,,,
OEFqN0JyWmdsYzZ0R1gxd0YJnlYKQeDWpMSIWvLBb/M=,1.00264,,,
ODZmeTVHcmhia1FGYUx3Q4gzdYTX5+omy9LB5tP1Am8=,0.997105,,,
ODVLVG5JWnZ3bDNrZllNMrSshgT3wZC8veeVUEM67jo=,1.00264,,,
ODJraEJKcUZwdlA0dDYwUr2GIRlA50A8muCddbOTzks=,0.994287,,,
ODBHQll6NWNMbzJRSDNrbX1p/38YGzaA9TkC0jV8FjQ=,0.988042,,,
ODBEb1FVanBURmh1N3dJNDaso23Ss2xsZ8Z2Ext84G8=,1.01078,,,
NzNqSURuOENKbXQxeFBpNYn1uRy5Vhs0RjGThCfwEws=,1.00264,,,
NzJ5Qm9iY3FsSVR0ZTZES3K+Zzd/UJB6+nrQ8vll6tY=,1.00264,,,
NXZFTzhadG1NdWdWclB3aCol9m8ADhck6h7irxaLnrA=,1.00264,,,
NXkxMGFSczZkQWc0OXFwRIbR33f4wHE4GL4Ol2XuQHE=,1.00264,,,
NXg3dkJvTFJ6aUZIZjZhWZlGwmHiWPaIZ2HFa7ea0zw=,1.00264,,,
NXdhZERKM01TTlY5VUhwUCnvGuAvnJ3vO4UDSrWTU4A=,1.00264,,,
NWpVYmtPUVJxN3JXOGNaQwmeF3GK3Lr9RuISag4ORA4=,1.00264,,,
NWhYa1BFYUZxYld2MFN0TPk2YtwISLAjiZZGGnK0wpY=,1.00264,,,
NWdCcWVvMDNZVVR1NzR4WEgDgODJpw+1iLnH9jPSROE=,0.99724875,,,
NW1QSFIxWUlxY2syV3NHMzIrVddh5tMB06WQRT/+oNk=,1.00264,,,
NUxGMkdFSm1qUnhEQm5ZeQdFouzZ695y2MOc2hDXGek=,1.00647,,,
NURXdktPRWRSQlB5VFpIZvCzFqLMNq+7bupscSKmQEM=,1.00264,,,
NURveHRiNmtJUjdHOTNxc6xbtwj4TiyHTnetp7rt3Ng=,1.00264,,,
NUJoTGsyUGwxb0NPWXFWSOsY0sOD141ACtWHQ2dLUYs=,1.00264,,,
NU9WUXdGWmxqWE1vRE5kS0aa6TbZ16A7nLBTQh6dQCY=,1.00264,,,
NU5SMGxQOWtBUTN3N1R2bf1faz9e+DmrwBxE3ytnckU=,1.00264,,,
NU0zZ1QwbzRVTGRjVjFJN5gr9sJ8w9K6dnvHX60bgJk=,0.994287,,,
NTljaFJYNmZ2SGttc0o3Vh4zELAai8DkKmwTdlu0hgI=,1.00264,,,
NTk4SE13YnNVMklYcGFrY0gWhAl9TI0fILWLeFclTfM=,1.00264,,,
NThPMGtaWVBYdXp3NDk2VNagXxlgpS8Zp24aBnLZNy8=,1.00264,,,
NThlazduTDNRQ1kyNm9WNM0eesRDWZDmTYDeFqIfXIs=,1.00264,,,
NTgyd2xTZFBYN29ueWpwSP8LyMbJ3eoUivUADLn2j+c=,1.00264,,,
NTFvdzNaOWxza3RJRjJQbuXo0IFYivSLJyeYl8Xr9/s=,1.00359,,,
NnVrUTVGU1JZOW1nWFBUOAv4DGhgMr15x43D0S5jSz0=,0.99780275,,,
NnlDT1MxczhVUXZoRk1xafOSvGxHaxIeUATFdwlkkfs=,1.00264,,,
NnJHMkEwY25EamthOXZoQiW4dndCc0/w6yXuO0T9zuE=,0.9964265,,,
NnFyWkpsSzBlTGd2NzF5dGghjRFdb6rAc0seWatnnG0=,1.00264,,,
NmI0VVdQQ2EzajFIZkVKdoObxQaPQ/G4a8lrN7S1LK8=,0.9994145,,,
Nmh3UE5WVWRDOTFrQmFYYiFVsjRiR9WXXjJMVozF7t0=,1.00922,,,
NmFWR0xpQ2hxN2xVWG91Tq77iKHX2IOJyTlza9DXH9M=,1.0042825,,,
Nm11R1FwZ2RzUkZqVENMOKMuMBVYYn9vgtRvFcm9Ork=,1.00264,,,
NllselVDV3BWUmZFSHlxUeyP9iPNr9tmEhBR7nlW9O0=,1.00264,,,
NlFHOUZyMFdhTjNUbVVoNcQeKJrORG2PtHzoD+IYt0M=,1.00264,,,
NlBMU2t1bjVtMGY5bHJRaLdjQRpyOzNgEJT8sA+52YY=,1.00782,,,
NlBDRHFJSFhaak53VGZrZVcxGG0nREx7hjxf3b+OF8Q=,1.00491,,,
NkVRS01QQ1NERnZXdFZoaxbxoZfhFG/7az0WUPiXVE8=,1.00264,,,
NkRNd21Za045UGdXQzJYc2GrU/cvXw6Q5QT+ZYHuPVw=,0.99802125,,,
NjRNOHkzblFURmpCYUtaVboPrfOf55dGaEgKnph18dM=,1.00264,,,
NHJxdkRMU0k4aVBmZzNISsPONZjuLP892V1VYaKliOQ=,0.9970375,,,
NGYwUVdHWURhWnFDZTE5VQ17/bz/KVV9zTFIWuSgh7U=,1.00264,,,
NGNXOXBlQzcySk1TdU9mbLmr+2fCstfYqToV0aXJGSE=,1.00264,,,
NFNzMGRRVzlaQXFCRW5MWIl0fVdo7f6oIOMxvOwMbo0=,1.00264,,,
NEtJVE9zVkgxU3hXa2p5eptZFDyCFGMPG6YrO0odbD8=,1.00264,,,
NENkbnNHa2VyOGowUnpKVNc87vZPZkqy6yY4DwS4UMM=,0.991141,,,
NE1lU0ZkYW9ES1laR1VtdDK+gavvBaaRzK8YJFeS4lc=,1.00237,,,
NE1hR05qVlF2VEtFMDFoU5//yJb5pUGjo2XhrhFpQ5I=,1.00322,,,
NDEybERYYm9pZmh3a2pwQSg4J6I6R+Xv1sz+cw2+zLc=,1.00264,,,
N3M4dUxkclhiUll2RTZqSvQqsLv7Mgzv16YbwJlZBHw=,1.00264,,,
N3lpQ3JPMTNvc0ZncEowZXWVBFwti6LCWoxXhUPsdpU=,1.0082275,,,
N3g2clNJdUFpbktEYjh0MgbXdnEnVINKfb0byK9BKz4=,1.00264,,,
N2szeU9UOVVheEJ6ZEVSWRdqgOz2TEn2f8n2mP/fmlQ=,1.00264,,,
N2RpTUNuZ0VZclU2bUhSWKFnfejd/d+bEOP3D7CMbY4=,1.00896,,,
N2RMVmcxcG1aSjl2SEJxcv9aTZHNpR39wqw9k7Q25MM=,1.00264,,,
N2lVYnZaR0ZsZXJNOHR6UGKgz1DO+vRaYA4++HnTIpI=,0.995131,,,
N2l6SmQyWnVvRzBsNXE5SWi6sQPua+6qnsP8ZGas/rs=,1.01178,,,
N2FKWGhZMFRsRnlJM0J3elk1J+/WfhOVGB3qdEqXjlo=,1.00305,,,
N25XdkFNd2pKcGRtZVY0YQcUuzHBXE6f1d5Hj4bWGoU=,1.00264,,,
N1F5TGN2bjE2NFd0VUJwaofUwEwrA/f/dBqABr8umL0=,1.0080425,,,
N0xoMm9na0tQcmxkWllOVvS0hKSc+9jsZHB/SO7kqD4=,1.00264,,,
N0x4RVdvRlVuUkhyTlRtUAGF2CJ1ITi1Ms5YTJUPOTQ=,0.99983225,,,
N0VVS2phODliY1pKR1c1ToerkJER0eXO2cOFX3/hlC4=,1.00264,,,
N0oyT0hOVXd6bW91dHNJRCLnozmNT5wyIAvjC1YXaos=,1.00264,,,
N0o0M2k2TXBvbmJCdkNTWvPxo11gZeGzS2v7jPn2RSE=,0.9922035,,,
N0NNazF5SjZPWlQ0YkFlZ3PwDn5YeTqYKXdfIGEKy9Y=,1.00155825,,,
N09NSkNhVHhIenlpZDVEUD2BmVSpa9aLU/gqFhfPLY4=,1.00264,,,
MzY5ckFZT3VjRkQ3dmJneS3afwLdIxF33jvsbVZGc4s=,1.00135025,,,
MzQ2dWFGWXFOT1pIcjJqVYExWMbsiU0X3Gcq8imhs00=,1.00264,,,
MzEwOXBCTG9NWGZ0UTVONBgWF8aKiQIveHS3sG8/FwE=,1.00400,,,
MXpWSVAzV2c5a2FZTHBIcqzp7mf3ADlzne+jf3IEEjA=,1.00264,,,
MXdUalNlTXZQQUJpSWJwaGeKEc1DiQ/hwxSLTegRowk=,1.00264,,,
MWVmazJtWTd6eGxCZFNqT3XUB3wqSt2ZBy/Lj5lyLCI=,1.0080425,,,
MWJsVUJ4cnk0aUx1R05wV++3Tw8HEjtYLfHJKgiaQWs=,1.00264,,,
MW9qR3ZDeUs3VkVXeDRGUNzPVhJ0DxeKqV3E1u8qvtM=,1.00264,,,
MUxNZElOdEJqNzZSRTRvcjzIs7BbqKQwFfX+0euVkVE=,1.00606,,,
MUlqUXVtVnFaM1JPN1d2YY/Eac5Yl93LHMhfVlGxBvA=,1.00264,,,
MUFTc1pnejVYVnY0cnRrV+9vAOSdT315yZclKsY2InM=,0.99735725,,,
MTZaU1VwUWM3SVk1TG5YbMumLTNxGhmadcNxKgGaGsQ=,1.00264,,,
MTNINHNyNlJvV1RpY3FrR0nuAiS0W0L4kcbpwqTMnuM=,1.00264,,,
MTN1ZURuWXk2MkdoOUk3NI5/sAnL/U/pDy9T99IxacE=,1.0121425,,,
MTlWbUxhVWdiaUFEY3VFWiLi+VxLHVC6b5kewfd/81U=,1.00420575,,,
MnlyRGRicWNpVUV0SDFvYTTak2EkQGwDI2T2C4oQQ6k=,1.00592,,,
MmxBNktjMW1pd29IR0xEWDgWGhDRLV2qNyMs+PR9Tsc=,1.00359,,,
MmFGSFpralVkZ1Jzekw2NG7shxafoEEj9Jd/muKQtaE=,1.00426,,,
MlVxZE5WaVJQNVNHMFFqRC09JkaxvVxZJsD8AgltD1M=,1.00264,,,
MlJYc29yeDlWZ2hFREtGa9FVjFFm4qk6mxJV2oZ5M10=,1.00264,,,
MlhqQ1ZtM0FmSndEWnpIYWS2uLPcntLbj7OkK8WA5aU=,0.9966,,,
MlBqbUJncmRXVHFISjRTd+iuEq1wUAedVjnfUAGE6Nk=,1.00264,,,
MkVEODZXZjFDRnptMEhndw83d1guRaIgyswl6Ao6Qz0=,1.00264,,,
Mks3dHBHRmQ4aVlybVZVT+wUsRYHcGGM2EY26y5Z4xQ=,1.005375,,,
Mk9tTlh6WlNwTGtqN2Q5YpE2mKdV5EuT0ILf423FDHE=,1.00264,,,
MjhWR0RvcGdGMGhZY0g2dajcW4rUWWw5IZEV1685H8s=,1.01178,,,
MjFuenZsaUlIS3lYZ0pHaNry3ILvzIeJubtrXJTC3hk=,1.000846,,,
MHRNZG9RcGNFZ0I2azdiUySntOTqfuxXKaNrz/1Ub1o=,1.00264,,,
MHpaZEQ1dDlvVmdLM0lHZXCa2DMRnLChBa4ToO2Nhq8=,1.00264,,,
MHlYamlRN0hzSVU0YTZtTP73QgxlswDXLFzBtRmtGqI=,1.00264,,,
MHdOV0tRRURmVHo0T0ZzOOHc9u278ynAK9/JRGGUTh4=,1.00264,,,
MGtMdG95ZGZWTXhsdVM3SnuV8J213AwfDnx0ZIFHl6I=,0.989753,,,
MGRxUTZNbTJQZjRWTkdMZ7Q6u9RYpfQEFMVUFEpuV+c=,1.00305,,,
MGM5N0ExUjhDTEt4aUU0evvRvwYW61NETGlgqMQFi4M=,1.00264,,,
MGJ0VUtPTW5pYWt1Qkd2Ra6snCWFOJ3p4aRrw+zhoUE=,1.00264,,,
MG1Rdk1sU0xOZGJ4Vzg2eTiujTRPql9GGmYx5/w2FXE=,1.00264,,,
MFRvMmZDZ21YczVsU0ZaWfV1t6PXX+ZPY1ZZPDFQ0M0=,1.00852,,,
MFhaVnRGeklnMmJDM3JBOA71LzxWifBM86FAIQ4BdUE=,1.00896,,,
MEtPRTRUcEZ4TThRZWF2WA6P8mSoV42fyui/Yg5QYYI=,1.0000455,,,
MDRXWnVBaXhPYWRJRnpzSxQSktPlC7iOY2IQuleHH6I=,1.00264,,,
MDJscDN6RkU3U1A4Z2Rjaodr37J8SweAmEuGPUAHN9o=,1.00264,,,
M3ZpZGE0UXRTY0N1a0pLN2CyfQBYi95rlM/mGrCkFY0=,0.997469,,,
M3JYOVZxV0hhQm91NEswaFXqcGJFQJt+3zSqlt73fmo=,0.990702,,,
M3JFMWVnNE1ZQXlzYkpHSz1b7MjvaOvXd1o0H4a+dBM=,1.0049775,,,
M3dJYjcxR3owSGFkeGdSUOD9liOWg19JoT5vl72FZQw=,1.00264,,,
M2h0MVppbHoyZHdwTG1uajAmhY1poITVnn4FEh4PiRw=,1.00264,,,
M25nWU1UVUF5RHROc3drdoeM/KNWLyffIgy5JPQHeKk=,0.999231,,,
M21sb0VBaEZLT0Q4dlU0efOymT1K9dRuCdTYUt17V/w=,0.996120,,,
M1JHMHhkeWlZZnJ6N01objC3E5eNJCB8DbIUbwPy/qQ=,1.00703,,,
M1dyQXB1OUZtNEpNaE5iWcovkHOs4gcR3kGXY4xfyvo=,0.99261475,,,
M0NLYVNZWjBjeTd1ZlBBUlngURLdbSgtBJeiqYUNosY=,1.01178,,,
M0E4UFFiUkU0emNkOVlHbBAR9AAPSU6QvT49pfCItDo=,1.00264,,,
M0dDbHlMUTY5SzV0ZTBvQb9h8YABlnerdSpsViBIYVU=,1.00342,,,
eXptY09xblppRjBmWWxWZH0vZd13CTUTkscChhwy2Ag=,0.992768,,,
eXFGaGF3UklWREpBajc0UZS7o0MljafoqaMDYGjof6c=,1.00264,,,
eXdXUmZNSUR6cGxBU2VVbQ1RTjDEt0rdbvkxJ9yEzi4=,1.00264,,,
eWQ4V3NlcmpTRFFCcUZhSnZzKQdxBOzpvXeqOExOHvw=,1.00264,,,
eWo0ZTJaUzlIRmxtS0RSNTe4fYnsyKLoYarezHugkSQ=,1.00264,,,
eWNOZUJSVXFaVjlyb0xHMvL1YkM2SUn6FkwB+kZIihM=,1.00519,,,
eWJrZnVLQUVRSnE4SWkzVvlipuldGh/2223yEdDxCjI=,1.00226775,,,
eVZzZ0hUWTJpZDBXcVpscsOYYSvTWTjmziVg7cVELdo=,1.00264,,,
eVZRT1A0cWlVTUlLbDVkWOohpBmnaA4xoSiOqGmv2NM=,1.00264,,,
eVRhRElTaHhmb0pBM2dqcc6kqNo4LQk/+QGE+ZmW4rs=,1.00264,,,
eVNsUGIyQWhWYWtpdjlnVOtlQSc/l0+4t4Bpalq1uYM=,1.001985,,,
eVIxbU8yZXc5TllGSXp4SMg8KCtGkwQUbZCMCJKkSR4=,1.00666,,,
eVdxUzg5dUhPQWZDUllUTudZLxjd79VQkJphbyLSy2o=,1.00914,,,
eUJyVVFOVHRudXE5UndoZ1oZLMgXgAd+Hw9YAZoMU6U=,1.00845,,,
eUFVakVjUUxoMERlZldud6yqfrM4lU5SqHqMuCjv4qk=,1.00099575,,,
eUFEZWE3bDQyc2tKSGNkOQmwu5PrPL3nn3DEP57Ew8c=,1.00264,,,
eUduQXA2a0gxMlR3elFadnGKY1RqcnlopVcH+2JtGws=,1.00264,,,
eU9nNVVYUEZRVjJjZjlvWR5weDhljnbtdLA+mQjdiQ4=,1.00264,,,
eU5Zbk9zSlNDdjZHbXE3aDiTUiWHTRdapRjoSNTcOB0=,1.00264,,,
eU5mckRkMFZBVGNvWXRhUIdKueb/TgOEwV7WlJg4Q0E=,1.00264,,,
eU1VbWJZelF4RkdxdndnOcypAlp36XSvVWIbw9V+URE=,1.00264,,,
eTZmOTdrVVFidXAxWndZMjWfVVNrXWYfOWyzbAz6leM=,1.00499,,,
eThuYUlKMGZNTmwyRW9tanAAwbluxdPYaEvb/Jqd164=,0.99461225,,,
enNwTlhiRVZvZ1REdjJ0M7+RvxILEKLqCPVe6hmsorY=,1.01335,,,
enh2dWc5Q3lKSWF3U1hEV+/abiID/K7yVOPVBygGuVA=,1.00264,,,
enFPQkh1MjhDbzNYTkpSaPUNwYeUYAPoFTycmmFLs78=,1.00076475,,,
endjOU4wQnR4cE9LMzdabGrBw0Q1qGC7AU9l3GNJ39s=,1.00458,,,
enBMUTZxR1I0b3dFa3VNQgWtG0vsXSAk8ohZ9IP1cfM=,1.0015445,,,
em9KZnE3NHlMYlhqaFlQWpIlwIhZLFroR/FJ+iX8ydY=,1.00264,,,
elVuNzlCSTRtaGFwRWxTZ5+4CTEisrRPBxJ2bYauUSc=,0.993537,,,
elR5RjhKTWk5QVZPcjdRRX3fIcCUXaN2qTqg/7IOFtA=,1.00264,,,
elpKN0xST1c2bWppclh4OJv0FtQJS+3ZfnWNxvvweAw=,1.00078,,,
elhuU0xkOFBxa2Z2UkJiTVckneGlvcZruZVaT0meiFc=,1.00264,,,
eldtNGxLaENBY1hMWTdHMDSnX+JzT5j5KOeD5A5r/fU=,1.00264,,,
ekZqb1B4djhPTW1CY2kza5NJouW3GopRyZ59e58s3p8=,1.002235,,,
ekRtME5UbnRjRWlhM2xMONF9Myv3HYAgG5jLnfBI4Dk=,1.00264,,,
ekk3ckRsMjVMTkJKOEZaZDwpADBuMRz9KxhizMxFOUA=,1.00264,,,
ekgzb0tmc1RBRG5MZ2VCecGpq8lSxU3G5YGToTn5nKs=,0.997333,,,
ejY3bjJJVjFEYk5IWWprcik08sxw84A+G4GRJjRn9Eo=,1.00264,,,
ejl2ODBQeWNvakJPTXVyVP13U/XE10G+jSlm4eez6zQ=,1.01198,,,
ejhLblhVWUR0UXJncFRzOagEKpoSNvtikOJrdO0OFG4=,1.00264,,,
ejF0WkdPOEhvTGYzVkRGWBcZwgmqFw6MfiP3j6c1S7Q=,1.00264,,,
ejBsWWh5VVRBZEMybVB3MVWD0XTp2CrlSmpE0tA0nTU=,1.002807,,,
eHZZcGtsdUQxdEw5ZFhRaunqQZQd+A2WQkdWAePkFbA=,1.00264,,,
eHQxRkxtZ2NWVEl6V2ZaZYgZE6fgW/wtCGMUzgCp/bo=,1.00264,,,
eHlwUmViVDJqaEduc0VTMFD22unT/M4OmtsFZwGUot0=,1.00264,,,
eHJCNm5kWU1HWm9wYldGOXGzz+LZhhqAfe+A7DlXoQk=,1.00374,,,
eHFXSWhyTTFpNEF1UWF3cz/LR6QAJhp1Vt6I8alH+3U=,1.00264,,,
eHBGclBWS2tqUXVjN2JHbKniauXo00f2+2hfyfwiaew=,1.00264,,,
eGZlSkl6dGFxYjVSQWlqY/yKEdCT2RWOYuBi/VSpgEE=,1.00264,,,
eGpNNXp0ZlBLRnY5QzZUcVmt9hUmjF5TBitj+jcbWUc=,1.00264,,,
eGluUllvaDYxQzN1a09mMsEEyHZSaDMluWJ6ewaYuuw=,1.00264,,,
eGk0NUdJNmVYaFFwWVpqcpS6RWvnQYiR8u+MtUZJziw=,1.00264,,,
eG9ESmxnZHFWMUVBR1cyWZ/+sNPN0/+o0UwPGRTbN4k=,1.00264,,,
eFRNYjJ3QVE4ZWNSV0VsZyA/Z1UgB1ON/W9qXCCVpVM=,1.00264,,,
eFl1U012TGJocHM1d2tkeVIY/s92xPht0Sz2h8aGn+0=,0.99996275,,,
eFFxR3NVU0FKUmt6YWRsQq8aky3JK3VMqsU9rf36jps=,1.01051,,,
eFdONUVhUk1odUNpVFpWc/2eZqL4T1SnWqZHabwQBV0=,1.00264,,,
eEx3eklyUVVOZ0V2cDJxVtLev4o2yd+Iores8CaJMkA=,1.0005075,,,
eEtsM0lRSk5jdUZiMlI1asltWdPgYoPaEp1eYwhWz5Y=,1.00264,,,
eDNxQVpqVDZlaGFrNTd0UEKUd+i8EXp+JznkefPx8hk=,1.00264,,,
eDJQU0QxYkl3OVE4ZUFqaQqZ89C728NSnAlnKaUbb10=,1.00804,,,
eDc2TUUyZTN5R3NsQmltWV3L7h5DjJCsQjywZKI6tT0=,0.99932625,,,
dzNaV05IWG9nSWt2aGJwVEn6/nmKrBJssglKlmrwbqQ=,1.00264,,,
dzJpdGtGSTFSemR2TXFyb14lj1wDVMrZdN3KVzEbt3c=,1.00477,,,
dzFGSWJqR0N1b0UwYTJja1RHAPtGMGV5x88KO0/DUaw=,1.00264,,,
dXN4MURpSWxXZGdLYm5BNPLGOOz8JzF/wcstOQCkjos=,0.993150,,,
dXIzVE1TTnhoN3lCQ0l3OE659xDE22Igb7ztm7quMLI=,1.00264,,,
dWZhc29KY0JHdHdrMXgybTcQpm1jl6vKq3zkz95M8Vs=,1.00452,,,
dWVMaER2STVGZFU4S01ZUnT3w1s2rzEd56Sgph7LLF0=,0.999231,,,
dWRvbm1NYUtOdkhjSjk1Mgauc3lRGht+IoBJFKLVsvM=,1.00264,,,
dWNYakd5OURRZTV0d0xzM3Yr+Vu6zGuLjSs4vOuJdzM=,1.00322,,,
dVZxczI4N1V4SDVrY0NSM/UTfSTfnySQcdC6ieSCGHQ=,1.00264,,,
dVZaTEh2d3h0Qk1Hemg4M3oPGdLR9Q9eDN1ZO7eW49A=,0.99261475,,,
dVVPSFFzSWFDb3IxNlBZTPEtecy8JeM9NoIaw1Yiy24=,1.00264,,,
dVpXTjlBVmZzZ1FidHk0OBqvK3ePKNTC7br14Q9IzU0=,0.9930455,,,
dVh4ZE52MHpieUhFcGZTZR7h4nD9TymWPTvPhHVcG+g=,1.00264,,,
dUJzV3JrcDdseTFBVlo1WYuMBgcEbPKl6LIm4aVLsos=,1.00264,,,
dUhZYjZOSUxtM3B6MnhBWoAbggYWHp3Hz4j9fLNkRxc=,1.00264,,,
dUFTNmRJbkJFS3BvVkhrTio29RUPGYKp/VSoA2tClVw=,0.99994175,,,
dUdKWnJZUDJPN2FTUlhDYxUqccNSpfsPqSm/9cJSTgc=,1.0004395,,,
dTBZa3BoRHpYc0ZHVGRQWiSaFQQpI+N73ldagsj5pgE=,1.00219025,,,
dnpHTDRwOTFvc0NIS1lNUcmfvQvDrHkiXOtGE51Gqe0=,1.00054375,,,
dnFGY3JXUjlLaFVJeUhETRWte93HuiJAeisnpTjSgrM=,1.00264,,,
dndoeWFLek9yNEhFbVl4dfBEHP8I5uG0tf2nyolZnRw=,1.0079385,,,
dncxM3lHMDlEZVlCSEZMSW88eadvK8+Ga0yMCyECAv0=,0.999231,,,
dmF6VWZ1eEVGaUk5TUxId+IEjOWoDU5sIamnD0jMqog=,1.00804,,,
dmc5Q0Z0TnJ1UktWZnFISs/JsNqQ0bF2G6IAgkcke14=,0.998564,,,
dlY3UkRHdTBGM0E2TnE0TIbBPpXDKRxuAo6iizQmpRs=,1.00666,,,
dlY2alVhd2dQMFpoM1JDdfjo7+sy5EG/dw73krAS7MI=,1.00458,,,
dks2ZjVPWjBDQTltM0xrSnR0vMWX0BmW7qVmTQ4JIQI=,1.00264,,,
dkNlSlBmdGMyR295TGExTtk4Ux240LQuXyIEMzz9giQ=,1.00264,,,
dkNkdzJQS1RsR1ZiRGpxTGmC3BXJMW/nR3CS9h1LGzY=,1.00264,,,
dklTenlkdDVBYjNHdUs2VUPu96Gho2Bt/fIoCi7HRz8=,1.0121425,,,
dkJESWE0Q3JwVG9mTnlKV65uwZ7fDTW66G9NoDAzGj4=,1.00264,,,
dkFjR1dvcEVYQkpaS2VOT1DyyMIMcJwPkJimLBr+70U=,1.00264,,,
djJwNzZJRXNHMFdoT3VRUpK8wAd84yS2vZwjOmsFUtg=,1.00264,,,
djh4cWNBZVBqOW51SUYyTeRzyHOVNudkBWs5PQgsXOc=,1.00264,,,
dHpmcVpnaVdVd3hzeTlCS8TAsOMD320lJnoDxvGupS4=,0.996883,,,
dHNEODRDdUdmMTdlbFprQgxagbNg1j45SSxeU+b7/Rk=,1.00264,,,
dGxFYnhSb2Q1UUluWDNlcbHUCIGwAsn9h9M7ACK6wzQ=,1.00264,,,
dFlTREpmeUJGeklwQ2NOTO1ohefPnVXt+NYdQye6aZ4=,1.00264,,,
dFFkN0tUSWZneXFjTkJpWG6e9GwO7q4OxuwmU87vA1I=,1.00264,,,
dFdjWEk1cGtRYVJQNGJPMKaOiII1XiEcJQPoMI1l3dY=,1.0068625,,,
dEtXekN3OTRGVXNTZzBycVRSMm2Sp3lRAjakMa2uLQI=,1.00491,,,
dElKVXpPZEY1c1prTmJ1OU9V8WiTfRGSBjqRQKufplI=,1.00640,,,
dEdmaUh1WHJiWXNJS3g3T50/ZjYCxTjPUfxqXrWShWY=,1.00169525,,,
dE1SMGIzb21pRW5aSnVrcifxgPU9XluMDtgNZ2ojDYk=,1.00264,,,
dDc0eUtZTmpWeDhzYzBaa1afGHcngeXQhi8RaB/OZME=,1.00525,,,
d3NIZzRUazhkeEpCMU5ibFSxLC3L3ttoqCCCntNd4ew=,1.00264,,,
d3hyM1BtOEo5TU8ydmRmUun05mYlE3duhAhv3teWg8s=,0.9917945,,,
d2w3c0ZrMnp4cU1FWDNDQaMVDHOQHz5Ang6u3uRT5TE=,0.9906645,,,
d2NXUXZxbWhrZUZ5TEhaaWzm+IsUye/nFP9/4RvbhiM=,1.00264,,,
d2lVcTdoNmRrVElGMkxXRd4d1qSucQtqaft8WdDccA0=,1.00264,,,
d1VMU2gxUXBHdTNkZmpsZU5LQIxD73qruHR/lIVzm4w=,1.00264,,,
d1ozczU0YThOUUtIa0JFbswxFSUmkUHem9cowHCGTek=,1.00264,,,
d1FraU1MQ0FjbnVJSzFIcO83h4jw5w7dzMy7Cgvezdk=,1.00264,,,
d0pUbUQwUkhsaXA0aDhFU7p6dxxw3FRAT7HpadekVQY=,1.00264,,,
d0lyajIzRnF0SHY3eVprbu83T4B1BMH5OZz4mbekLo4=,0.99261475,,,
d096R1NhMVBBTDJRVkZxVYKx8FH6s1wpOeFABOZ+bt8=,1.00359,,,
d010NGxSM0lDQjVVUVhxekBDz69afyxLIfTS0/gH1WM=,1.00264,,,
czZLSGoxWmV0RWdNZG5mY9/7+dDpDOnMUoZlkIAUCro=,0.9950695,,,
czFid3RXa0V4cmZub2dEOeUB9xmsN+QCbAxodc53wtw=,0.989353,,,
czF4ZkdldUh2Y1pLVzhpTlEA+pYAF4wTWYf+ErGoUzQ=,1.00264,,,
czdIdEVJanpNdzVSQm5LMBlXpyIzs/7P3BEaXguGIX8=,1.00264,,,
cXYwZER6Nm1lMk80Q0dJWgRT/mwJ0xPvu0L30C5gtAg=,1.00528,,,
cXRzRmw3Uk52VW14WjhhTDe2o3wiLAVBpZI9SRXtgdw=,1.00264,,,
cWxEc0ZlN0k4Unk0VXVIZsFWv2ovsNU5vbj04x1biH4=,0.99972975,,,
cWNpekwxNGRBVTdPMnlCSYfekNQY7u8VfY4gcOjssAY=,1.00264,,,
cWd6RVFpNGszdFJqS3VXc1bXkt736JnPeWH+8diWV8c=,1.00264,,,
cVUyd0NkU2hIZ28zYWN2ddOfiu4vtvm95tURN+fB9YY=,0.986830,,,
cVBnbHgxblc5UTBPVWlyNRfpE3GleyzySq5lB6e+mVQ=,1.00852,,,
cUI5a1UybklzakpNZmNMQ5Wt2Im+V8IkgbOyBBagRUo=,1.00405,,,
cU9XZjJtc1pKQjBSeVVWZ3P/pcobfJuvO1zdfI4aEMM=,0.986647,,,
cTJpZm9DZWg2MGxkYXpHSRxeP18uRotNBXDziYEziAw=,1.00264,,,
cTdDMnNVR2JWcGl6ODRSZ2ggnY6jD+R3RRM4MCH76Ng=,0.99249,,,
cnFpWkV3c25vOHhNYTdBWB2SYlaSomf0ZJN61xtjC8s=,1.00346,,,
cmNGN3RMQXY5WVBEc0hHbTQDuUcIIK1I2alYF1OZ060=,1.00264,,,
cmJnZDZOVExmdTU5dG9CYxbUTjy8I3G/jfTUQKu660A=,0.9930455,,,
clNtZU16Z0puWTNHWjlzWMJc+6+ijB5BB0nTkgCLYAY=,1.00264,,,
clNOMEpjZFd4N0czUThEWdL2WnKKaDiNmkSALp+Mqj0=,1.00264,,,
cktqZ292dzVsUmVRMUROWDaSxo6vpXbqxpH8cxcWwf4=,0.99249,,,
ckJWc1RZbmZ1aDRjR0lSdzu2qWkV87IA9IBjBst+vZ8=,1.00264,,,
ckhtQVRLdVNGd29pTlVDQsaKvmwhPYS/pYXraSwTaM8=,0.9950695,,,
ck1Yek9ZTmFLUjRmZDhpavfBRsJ5xDAAocvSOjNFLeE=,1.00782,,,
cjhOc0x4bzdUekZ2V1AzZR2/2H5UPLkqkA+jJEMUJs8=,1.00264,,,
cjhEY20yQU1WZ1NkcFAxQv7oLxToGsDRcHnnrtV3hvw=,1.00264,,,
cHVEOWRsNFE4UjYxS012M1sLT/6sNEYXtgxgQmQmLY8=,1.00264,,,
cHFVWVBiR2xDaFM4Wk5pWCqe3kROZb3V3FtkwhodGBA=,0.99011975,,,
cGZDMUE0WldZMmdOcThWT3ChqggQpZtuc1+33/vhihU=,1.00264,,,
cGZab1JTVGUzaXRGQjhjdkVHFfpwZRgPxCO+ckVA9Oc=,1.00264,,,
cGRqUmN4dzZsREZPTFVvSudO2BDFlyFIgHQqj7JdrjE=,1.00264,,,
cGFsSHRqdlFJTFp6VURiTf1cjWjJmpqreZrte2B5Lnc=,1.00264,,,
cGdYczJZYVNuZFJMUU1JSjbbGua6ZDtPO3sIV0vp+NI=,1.006125,,,
cFRYd0MxQklGTFlpWlNuYsa5DPXnJmtix06dqUy8gbk=,1.00264,,,
cFpPMndNamVxYjdhMUtBY3L+xGbFOHrZsGoEGOA6oH4=,1.01233,,,
cFh2OEg0V01zdFRLaXhaR7aDgYv6D+rtgUMVoHguq9w=,1.00264,,,
cFBITVJ3aEVpODY3SzJGdR0+oFipf6IaefQbGLuWtSk=,0.99467375,,,
cFA2aUtEV0Fibk8xZjJWSdIxMWHgtyx/ybZAiT7+tOw=,1.00228,,,
cEx0eElTUlRBUUUyWTVucewBhQCwH01kOSxKUr2VUXw=,1.00359,,,
cEJMMnlSMXZENkkzV1gweCYYj2vZ67gFmOZeGl+49Nk=,1.00264,,,
cE1RdkxHQ3VjZ1VhT1lyOIIJzvlvAKIgJkhRDLwLbMA=,1.00922,,,
cDRtajNZYkxuSlE4RWg3aQVsEmgKdZwBH/sodI37yQo=,1.00491,,,
cDR2bVBGTTdpQmNHVFFzeE2d3Gj3S1ElT0dYX1StqOM=,1.00264,,,
c3VTWXk4cWxoZzlkUEdBTF2A77AnRJ7O/uFGb5rH8cI=,1.00264,,,
c3pXSGQ5SXdSU2FwN1hvTOgN3IdBJak7a+gp2ty8AdI=,0.9952075,,,
c3IyOWRsRVAwaGJSQkZrbejtLE0kCswjs1IcIZK5Vok=,1.00264,,,
c2R0eEpFbUJSWDZNZTl6RIotRP88sti/HZrqQ8MIMFk=,0.9871975,,,
c2o3WDQ1UlpxeTlLSm9XRtbAItZxNve20J+XSFF23vM=,1.00264,,,
c2NqVFJVMFNRNkc5SXV0M0++WammSZ4DoeD+hyPpKT0=,1.00264,,,
c2hrak85M2l6QWFFTmRNWb871vxSMvDwIVsEWgJ4YaU=,1.00264,,,
c252TmhWZUFiRUQ4VXUwUYdN1mnUNNeJ6lwNUjND4ug=,1.00264,,,
c1htN1NPNmRqSW5Xd0tQMMkcZhwx8G2pbmU9DqsC9hw=,1.00264,,,
c1FZRGU4V2ZYU1p2TzJvQbl6jlcoDw9SVU/v/PmrWOg=,1.01178,,,
c1BGM0JpYmw3WHFrclZZWghybs5rQIBIL7ZxvQHPihw=,0.99467375,,,
c0NZN2Y1VHpQdnVablJWUQ1Mzo0OR09i0H5t5N55ZAk=,1.00264,,,
c0JpbldGa09VbTB2THF0bMioORp2Se8gkL9cRJ4dxEI=,1.00264,,,
c0hVUzd2Vm1KMFB4OE5ocrhD7Z8htZ+LNKIrEVEmJqI=,1.00264,,,
bXNRRTRVbHdxSjA5QUdibkkavIaRoR7Va9UKYxR0fUk=,1.00264,,,
bXlSWFVLYndxZTlQU2phSXrkf97tkOfPIEYw8NHYD9I=,1.00630,,,
bXJraUlwZXZod0hDUGI2NPZW1W4ynBh50Jex6c6PAU0=,0.994287,,,
bXdoUkVTeWNINUJnekczYbaapbiNdIhX5KJZZC6XdMY=,1.00264,,,
bXBYSERLbHNWbzI1WUxqYmqI8id6vRzQrzaeaOB8uHk=,1.00264,,,
bWZOSGFNWjhLcEo2WTJSTJ9Fg00ycgMEgqA0SQhDuPs=,1.00264,,,
bWJROHFFTXgwejVpR0RXQYqFMG9g0daP+YhCuKiNrkE=,0.9960535,,,
bWhVSW9Ea1oyczBsSjdjVlNt7hLbnmU1+jzN7QRgZbQ=,1.00264,,,
bWdsWmVQd0hBb0Jxc05XM72DZxQFHkrO1QWlu5q08nE=,1.00525,,,
bVY5VDJCaE5EclVBY0p3Zoru45x9mY9g2I+4DAwtPzM=,1.00264,,,
bUZrN3F3ZTFaSk9mb0s0aNfhebNnDUfxmYuZ/6afHR4=,1.00264,,,
bUZHamdDQWY5WU5PYmFvM4WJmW3cjnHGz22YD9Ot7BQ=,1.00054375,,,
bURHQWdrb1h5UHpwZU9hSgrQq7bj+OLrNhiAswZp8bk=,1.00264,,,
bU9xY1lnMlp6QlFiTTFIUJNvWPO4jTWEUgYJR2JYljw=,1.00264,,,
bU05eU4zV3F0QzVQdnNaZXj/ucdAoOPdPWXYf3AIsKc=,1.00305,,,
bTNjUEFicmhGRE5rbzJ4am6ceYcKHGUR4DRT1OASjhc=,1.00264,,,
bTlWekwyYlNQUUt0bHIxdQU+0S/nfz/N3FRX22GldM0=,1.00264,,,
bTJWY2tsRWlhSXJnQ0oxWRtPZwm0xYiUt6WZnxH5fjY=,1.00264,,,
bTBMdkVJMnFkalpOZnJVQ3rB/0tpW9WpeEOquEJOP2c=,1.00544,,,
bnZVdG1wc09SYUJKaUFrRFw7/kPFmOEmo5Dyq/Kh29E=,0.99714675,,,
bnQyczg1TUNMQklXUHh5U94b2hD/Axafdty4sYg5t9g=,1.00264,,,
bnd2Z2NCb2VDaks0OW03QdHfR+K+4TCYGUftomXH4DU=,1.00410,,,
bnBiclN5TkVINERPemFQdikK9qhy9k/tvMskBO858e4=,1.00264,,,
bmtzUHkzQkVkZmc0aWJDT+Uh2ZbIdlqs0lRxndcrnBQ=,1.0116,,,
bmRHaWZyMlpnemxodjY5Y7ACMMv9Ve4yTFmCL8hkUu4=,1.00597,,,
bmJhNE9UVzVoMGxxdXZpVh6uL9uIGCQdotAO9ZTkfV0=,1.01028,,,
bmdQcGJpWXhOMDloZW9yWodQXf13WkICTMUxl/Db4AQ=,1.00159,,,
bllCZ09KTUtQOWpidDJGVEE19R4YFnxfFEpSkBbMMUA=,1.00640,,,
blg5VGFpeFlCbVd1MHZ0Trl0Kq3hIliC23jHnLgJbJg=,0.999218,,,
blF4eVkzSldJWGNkNm9hc1AG54rtBbLAN+v+UssMVt8=,0.991978,,,
bldxZEp1c0xUakZidGtyUrmmEAoFcr2oufUNHME8GPM=,1.00264,,,
blA0RzZqN05idnBTSUJ1dKdDNV9eoDxGgkoY6M5BPlA=,1.00264,,,
bkpDZDhqb09nMkdSNElldz6/rCnZOUMPQusYnRF+DE8=,1.00264,,,
bHVyaGZiYXNqSFJjenYwU8g3m9xxz+IidNH4UFBWWWE=,1.00264,,,
bHVOSXl6VDFCQ0UwdldlaoylE7yYGLrjOi9M2MEdtzw=,1.00264,,,
bHRia1pUU3ZENkpoanBjWQ6gY/XrqYbUa89yfQj9t7o=,0.991141,,,
bHppZ3Rqbm9QbTVFVDRGS1INffsdfwZ/5t5nKauNx/4=,1.0116,,,
bHdxYVJkdDM3WkNBaFgyOIjU0qafT6f08DVIcDByOQQ=,0.99889,,,
bGZaQlJqbzY1SlM5V0xZdG2FOuyB/yn4W7GEcQbNYsE=,0.991611,,,
bGJMVmc5ZG1KYWhaUXNYTU6d9GY2NKp/MyYWml78w5U=,1.00264,,,
bGJJQUJkZTd1S3JDU3dpY9z0/1nPNyt9cXX8bzDs76A=,1.008425,,,
bG9jcWdZWHlKMDc2a040RueIlbYK3V8kSMVN6s2fQbI=,0.9970375,,,
bFlub2taWGM2TU9mM3VxU6uSUPEjiEMHwLeFqwqYWBA=,0.991966,,,
bEl2U3BRQjB5eDl0MnU0Vlc32isx4o1ttPYi9HZdSLc=,1.00447,,,
bEFKZmJhVENqc2dyRHV4UJreweIxI21XPmOXs2W/3pQ=,1.01178,,,
bDlKSVd3MW5NdDhpY3FRRLN+0IaRhkmT2QVjmN4ARf0=,1.00264,,,
b3RiY3I3Z0ZSc0xNeFlWbg8IfH+Zt2+fAY1RxEj/nl0=,1.0047725,,,
b3pSUUNkdElYdlpEYmxVNz0YafjzhRj5XwS30CxSePU=,1.0001105,,,
b3hOdXAzOVc1RkFRMkxVY7v5wFSOf9ybxg3Q/SnkLK8=,0.990175,,,
b3BXNjAxVVlxdWVDQlE3am1Zw4CkdhXTobVXNRHNIUY=,1.00264,,,
b3BKazhUWFBhNzBORnZPTO+dWRSbLcJTrnxXdzKs1CE=,1.00264,,,
b2Q4SkVxbTV6WWl0bGo5Z8cMf/EZit+iPkfdB2MGv9A=,1.00264,,,
b2oxcmhLVGQwTDI4Vkh4ZtWjtNEHffJYDxejT/iU2k4=,0.995315,,,
b2FWT1A5QUZlbWJsNHZ0Ram9cI8HLfTkYpGBhCJxWRo=,1.00318,,,
b2daUGNFSWhEVWxteU5LdQxZbhh6iKplejxI1Q8q7Hg=,1.00264,,,
b1N3MFBaS1JkZVQ1dUEzSsM+RTP80x99D7VIeobfOes=,0.99561625,,,
b1AybDNDWGdIZXNXeGNGMdndpgZXmkcfluljp9Wnypg=,1.00630,,,
b0ZNM1FUY0RmMmt6MEh3QzZSY+8KmrfSIYpUjVAk+iA=,1.00264,,,
b0tjZlRPQWx3UEdrcURabQ5c/1+btl8TWe5EYl7Vw6g=,1.00264,,,
b0RrNlFQdHhFVVp1ZlRsbmcLa+ksMBzSyXnkTloYjUc=,1.00264,,,
b0FyQ1c2ZVhrYnhMMERKN/NXikTSvpF2Wi97PG8zuJQ=,1.00264,,,
b0dXckUxRnA2MnRiQklkN0h8G2ZOiPaPLDMvFA0rxyE=,1.00525,,,
azZlUGp1QmIwOWM3SUtycTlH+e4c4ZdNuBgp+/NiIkk=,1.00264,,,
azZKU1B5QWlNNTNHQ3o3Z7bIcCh13i4/THnJcJjfEb4=,1.00264,,,
azhadEZKTzNxRzRoc253RVIrWibh45x71pv338vKooc=,0.992674,,,
aXZRaDVCMGFNRXBDNElLa6p6lYUr6p2ZNaxW9fs3sZY=,1.00264,,,
aXJCYlc2dGdjRkpvN3N5U/2he+Ay88cQTPQmhBppU9I=,1.00264,,,
aXhYRnkxQ0JUYld2U1JRSnb9oBHjadxrx+xoeattwJI=,1.00264,,,
aWZXSEduWnZ4OWp6bWdwMY1mxaupSwNR1hY6vT9CFTM=,1.00359,,,
aWVjcXNya2pRVHo1TzNhVaeym5YFpNBytP8xbt/sHTM=,1.00491,,,
aWVGMXZMeENoc1BEY3JObUJiBm9gP6regEzpzg4uEcs=,0.996883,,,
aWtiZG11MVdMRXpRSE5LTz9wC6/KhiHGfpjOdOJOf8U=,1.00264,,,
aWFDdGx6dzI2SzlQaFNOMJnE+BscxZmnT84CrKK8wac=,1.00264,,,
aW5jbEZVTmZUb1g5ZDVXU543PnrMexccT/9tG05N930=,1.0080425,,,
aVF5UnI5SnFubUc1SGZiVXtxM4BeWDj7DKgGmBE17vw=,1.00264,,,
aUN4RGFMOVhwaG8xUXlSWSB14lQsQk/gT2E12KZ1Qio=,1.00264,,,
aUdQc1lKeFNYbzQwdWhRSF++u6oLZ/Ki1SDaQDOxcg8=,0.9991085,,,
aTVucFdCd1FTUlhFMzZmTdZ7sxWmwImkQ/VBhO1y90g=,0.996120,,,
anZBRUpyazAxdElWUkZjb1yTuZYB0rVXAd2jNWEnkZ8=,1.00264,,,
anltZmFldUNOY0xyVWlGStH3r1+OkJu+GuBRql11+qI=,1.00264,,,
anllaHdkU09aNW84dUpuMV38U9VNziS2q2HNjBv76Cc=,1.00359,,,
amZtRTRxYU1aZVUzeEFpd1ra4LPHam2/U4rkrgyX2TE=,1.00379,,,
am92NExQT25wbUd5YVVaUZgzVvENPLaRkKzwPVZ9fyw=,1.002235,,,
am91MnJaRmtJWWJhaHluV0HhgM7U/tFJjY8uJcDpxE4=,1.00264,,,
am5kR0FnMjRUUEVvUkhTdExqNMp46h6NEjqo46VX3vs=,0.988824,,,
alVUbm1jdEVCaWdINUowSRLe1mgnhlKpq7rOpUnIJJA=,1.00264,,,
alJPcHJOWnhlOGF0a0hmWVC6FVDi5Nbs+PExa9xwfDU=,1.00264,,,
alhjcmZsUVA2d1JvT016Tka5G6oHoXE1wN2qvcaFpzA=,1.00264,,,
alBiRDRPclF2dWFYSEtVNelAxDt6zvqUWnHCqVfIyZM=,1.00264,,,
akZvekh1M3JPZjVjYVhNZ7IZ5BTywGeUGQydvhXfFGI=,1.0080425,,,
ajV6UFRleTcwbzFDbHV4RSnTZvM8LOkL1klHKqbXVWQ=,1.0068625,,,
ajhlRnZkMW94WWhURVN1dG9HlkdLfr2HCM9m9BCdl0o=,1.00264,,,
aHRVU0dKUG5DMWo2eVRWQqDLcMB6n97MBc39eypCQqw=,1.00264,,,
aGxrYlFVZ3EzWThWMnhCOVbmMwawIAOuf6OK5IvqYFo=,1.0014605,,,
aGRNeFg3ejBRRkVzeWFrcRYk7h+tBln0ZaZzhckZueA=,1.00264,,,
aGM5SzBibXhRNHVZWEM2UI7T4LojavBanWP0nUnQv/4=,1.00264,,,
aG54cTA3Z2p5WGJCOEZsT3mKlECBg3V9V9wMQX82jNU=,1.0080425,,,
aFRrck1GWkE4UHhKN1EzWMcB08VVkKAO+baup6VXwOE=,1.00264,,,
aFNrN0FLejNDRnBUeHVjWCsYfV9Dlta3pmSeQTwGmhs=,1.00264,,,
aFE3Wnp5a2UyQU9ESDVWauh+dJ+bd5+NcZCWtDDDwy4=,0.992021,,,
aEV3VlBmZ3J6NDhpR1JJc5eEEoVN0zDDmalYeXZebJw=,1.00677,,,
aEJLYkRWeDB6d0d5VTJxaeE3TVryjWIUU9bXKxqSNfg=,0.9965855,,,
aE9wajBFRjZrSmdZeTlJUVWCCODwx47aM88aQFaIOnw=,1.00264,,,
aDYzck9Jb3Z5blZNTmdVUklxto5RzGiOhEurJo4yYlc=,1.00264,,,
aDgyM01PdWl5STlqMWxGNkqKmdFjif6x+wXogEAwb24=,1.00264,,,
a3FhVHNRWTBWTG9DVTJYaEEFesw2rdrZ+BzKm7VUkfs=,1.00264,,,
a3c1WG9FUzgwRldhTk8yUvMnlqZ6NU49tcVvAf+Jch4=,0.99685075,,,
a2xoMDlJZXpjajRFaWczVDnZB/vSsI8z88iVWOv5OOg=,1.00264,,,
a2VaVzk0eFltREhOaFBKcufiSbsrd9lZlkhWnUyl0z4=,1.00264,,,
a2JhbjV2ZUVJWU5IbGdxV1JQYu3f79Zu9Df3I1NnnHw=,1.01178,,,
a2g0QlkzNTE5bWJpVEY4ZAXwqjBcI/a9lMRTPkyb1jo=,1.00491,,,
a29lcWRZTXhESkNPcHRRR0EiFlKZNdQqkmZfW3NzjY4=,1.00264,,,
a1pHbGlySGd6MVd1WFBJQrEWnvj4CYxqKRMCRy3GEOk=,1.00264,,,
a1JISkFzMjRDS2Q1RXl1cen1e4jiXCIr4dbUMKQ0HP0=,1.00264,,,
a1hoRDBtYnR3bFFMV0VIas9gsq0KFmavOv59M6byhSk=,0.987565,,,
a1haMDRWUVRKRnAxUGEzbI8CUZNbydxwESqxe9nE1MQ=,1.0086,,,
a0pYeTE0TjVSaG5JNzlaVlDkvgNnFtmjXwFi0g10sWo=,1.00264,,,
a0NGc1RXWVh6YklSbE02ajOtLmhgPZ2B4RDg9WcQE34=,1.00264,,,
a0M3bUk2VWJwWWNQaGZUQrc/o3+mon4h7Xh8XuLG7/4=,1.00264,,,
a0JyY2lqV1hMNm9JbTB0UV+3bSZqDUHQv2V9ozgbUhY=,0.9917945,,,
a0JxN2JWMk9LZVRRU3Z6WSyAh4bEh0nECOcUTy/I4ys=,1.00264,,,
a0hwdERoNEUxOFlTemd4Mq2M0TqA9Ky6aAvP6YQ4+lg=,1.00264,,,
a0dhdHZ4bVh3amI1U2RIMY+7qV9PhFtvwhPdE6Sv7i4=,1.00896,,,