id,0
ZzBoUzhRWTJiUklUSFBmcvePB0mj6gXu4ccgO4D8tMY=,0.9964916251697600
ZXpMMGFkckZKUFZnNFhEcfpxtvUkXw8MT9SmZ5QMSFM=,0.9962652784065190
ZXFvRUtCbHprNEFwTGhXeUW2li6mAuKkVtInfU/eHx4=,0.9972272521502940
ZWNKQ1lnN3BPRjBQYXVJZGd7qzqw5/wqaNJYFL9R6Yc=,1.0020937075599800
ZWFmR3pOWHlpN1ZUSE9Tc1793NyktdlYX7cTbSwf8no=,0.9949354911724760
ZWcwdThXVGJSN3JGQjlQY2lN1B6FIj6JoFhdeCXYUx4=,0.9959823449524670
ZW9IYjI1ZFB0blhUZnlXUf3oJEi+9Rv3nHjbLx6HlG0=,1.0052059755545500
ZUU4MVRaSU1jdHFESFZ3Qvpkd4iW9jQnRnp5rQ4wtV4=,1.0044703485740200
ZUlKTDdpRmtEQ3FWdnk5cHEkui2Q2VWIe6YRxOp9a1c=,0.9983306926210960
ZUJJQTYyczVEanlMSE9HSo0Xbf5PmeF+hkZ06M28UN4=,0.9985287460389320
ZU5wNFlVZmJvQnoyeXh3S4NQV4pWSLHQx8rwJYcG0Ws=,0.9970857854232680
ZTN3STIwT0p4N2dSdTREb4efWUCsX60tNf+BAV+fACU=,0.9978779990946130
ZTM0SHdzamJUdkljbHpTb640RvkSi/MzLrDv4juTLnA=,0.999462426437302
ZTgxZlMwdWlBN3ZCZ3I0ec4jWIAINgE8My0DU6dfnMY=,1.002659574468090
ZTA1ZzgzVVZqbVBJMkdxazcmTvlPQOUb+xfXB15+adQ=,1.0000848800362200
ZnVqQnR3M2wxcGIweGdjWRY3vhicuf+4Xs3EwGlCHRQ=,0.9958974649162520
Zno5ckNoQURTYTJURzhJUutZuKco28qIFT5w395E68s=,0.9996887732005430
ZnNoUmlXWlNuWTkzWDB4NfJnJGm/0tjJ2W2YJp8MwvI=,1.0019805341783600
ZnhTUnV5cFpGTHZsblBRd2m9o5dhZ1nHsvCZllvT+w0=,0.9949354911724760
ZndGVGVYTEhxa2wzSW1nNLgoofx1LIuv1aZLYV+REUo=,1.0016410140335000
ZmRrOTJWQktGQ0wzN1NJenIHrDunE+WQyR2jE8nc7NA=,0.994907197827071
ZmprUmxXWGFjSWhIMm5GStOmWQUckZ6WNWIyg+CU5vE=,0.9965199185151650
ZmJ0d3hQeVMwYThRcE5Ga/aoR1Ix/fku8PjwsAKh6AA=,1.0013297872340400
ZmhJU3JYRllDVG1BcHZOVruWM4y8uR3Zq7Us9g23pRE=,1.004413761883210
ZmFCTDNqOEZ1VWJ4U0huTjZTtDZJuUVoA8zEFCp1U+o=,1.0023766410140300
Zm9LWXdxeU5QTGFKOUVRTXTKj/dJsZG1ZwNteS54EdU=,0.998076052512449
ZlprUXdyNzVsQ285Ymh0Z+q5f5JVRybyz68rR8n3rKM=,1.0028859212313300
ZlhrQTB1aENQckY0QjFWNtGYZaSGoC0jYX8MIg5GNVQ=,0.9981326392032590
ZkxBTTkwVjNrcVJ6bnRYSZZmJAW5mRZHz40LeB+dTgQ=,1.0048381620642800
ZkU3cTUzZDZ6YnVWWFNvVP6m3MUzoVy5RsH4iWFpnQI=,0.9996887732005430
ZkhwUTJSeVVDM2JhNUZBeueDzL/fVhKJm86ISU3dWw0=,0.9994058397464920
Zkd5RFY2N3BQMVN4S1JUWXu3khR1xkpjy2Bpo9r9FtE=,1.0028859212313300
Zk9JZWMwZ0hZdVJkbmtHd8c6QWs72ino8t4glJx8wD8=,1.0020937075599800
Zk55MlRia0JYRnZ1bloxbDav/C4PL0+A8kTilc0od5w=,1.000339520144860
ZjN3NGs2eGxZcEJ6TEdWVw5nCqnosotxNw3RPZpwTDY=,1.0003678134902700
ZjlZTVhIY2d0MUJOejdsVjJ+nOV+3P2s9venBfrp7OQ=,0.9947657311000450
ZjJWZ2l6c0RCbENwclFLSEklbxwDisWy7oBpEH69Y5M=,0.9972838388411050
ZjJPS2hXRmVINGpFaU5BTVaAO+/YpGykoZVfMLiK9ac=,0.9978779990946130
ZjJIcTdUOGlsR3M5TDZhWdp5dzthX23uafyzDOgG0hw=,1.0023766410140300
ZHV2THFZeVBqeGNURmxWaJh9ADxchYdEuK7WMIpOf5I=,0.9959823449524670
ZHNORUx5OGd4OTRybXRKN/kZRPELaJ4IBXDhTz9IbvE=,1.0012166138524200
ZHlGdllBa3d4cDBTSlpuUEJKhdneMr4eE+ePptcDWXU=,1.00087709370756
ZGxFY29VQkt2MlZ3U3J0adXMCz0MxyfyC/6Gfk6tPkU=,0.9986702127659580
ZGtDY1BXTmYyczBlaXZiNOm6z2Us8rsRgqVcIN6KRCc=,0.999292666364871
ZGNBTlRIZXkwRjdFWXFWOSqkkU4UhXn8RRzI+ijQz+4=,0.9985853327297420
ZGk3SU94RDZCOFJOMmN5VL+0bgNf/cCW9czWJizrQwg=,0.9961238116794930
ZGc3ZmVKWHdvU004RXhWYhHjvq331w3w2DWii+mlXDI=,1.000339520144860
ZG96T203RVlxMGdVYWVUQW5NEB5PAiU3FKbERWElv0w=,0.9996887732005430
ZFIzSjY3ODlXVjJ3MFB0RzYlmJpXa1HUVVPurnFSVg0=,1.0023766410140300
ZEZZOG1RMWZIQk96cWdqV3Ij/wxBr6Q0lIJHcTq0lUk=,0.9956711181530110
ZEZScnFvR1FUWWE4anY5QtmHA4sCneZReXBfjLy9MWg=,1.0012166138524200
ZExTc0J6M1FhV28xUndqWBjlactKFAPBcwxWQPhBzVk=,0.9956428248076050
ZEVEbDg1T2pJY2ZhazR6dTAEqeD+EobFbu1VY3/e5YQ=,0.99736871887732
ZEJsRXp0Zk45d0w2bWtnNyQxhjetSl2e7h6JqL94kkc=,1.0020937075599800
ZEI4bWg5TXdRVkpsSHpFNU9EHpjsIPIbvNRSA9HYI3Q=,1.0049513354459000
ZE5aZkM2RnNYNFlIS1RPd5d7OgVHUrkGkkVjSa11zzE=,0.9996887732005430
ZE1wZTdic0hrZ2NxVUNCWLX70Dq3MzL+EG6myJHLr0k=,0.9967745586238120
ZDRSbnR4NWtvVXBRVlhEN7uRBPw4BSCs2o8gJMJUN+A=,0.9977648257129920
ZDNsaDBuemk3SHFiNjJDeMZlFj/KK8pYE9YxXqNmvXA=,0.9965199185151650
ZDh3RENMQVJLakloZ2FtWP/iwP0y/OEiD91oRepxzIE=,0.9996887732005430
ZDBhSG54YmZDWHdoV3FSWfgNzmIUl8RtaXDBD8W7Gqc=,0.9970574920778630
Z3I0SG5HZURrQXVhOENCMsy3fvMJee91bkk6n5LSXd0=,0.9955013580805800
Z3FyNmRaV1F3c0p4Y2hMQp8DH/02YhbevMoHcIIgX/o=,0.9953598913535540
Z3c1TGxZTm9WY1M4ZHJBYhlFS1srNTiJFKsSFknrXTE=,1.000198053417840
Z3B2Mkh5Y0lkVTlDTURRZTyj5SCUmDMGNCHXmwYCQW0=,0.9981609325486650
Z2tIYWJENU9XZlpNQUw4SmfIKZ9i7FasX5A9WXfZRtE=,0.9986985061113630
Z2s5SUJEY1N3N1g1c21XSIyj3SKLHLqkb8J6AAffkBk=,0.9981609325486650
Z2RVTmhNYUJ2OFNqZndsMAnaOPpejjTmdh6sawMEGDg=,1.0030556813037600
Z2NBZkUySXNSS3lONEhveCLJJekWxPdA+6q30P0Su0M=,0.9978779990946130
Z2lYbkVRb095SWpMc3FOcpUQy7QhR7+99Qveg78pTu8=,1.0019522408329600
Z2lHTkRTS1VzckVQdXFmb0uPtNTAnRTfE1HNQrnpJIk=,1.0005658669081000
Z2JqTHV3QnFNMVZmaEd2Nxbj4MAZL6ozHciUjQ6nMOc=,0.9961238116794930
Z1R6akN1OG1ZMHhJazJXbBJ0+Rc0dIK8CvIN5nMqRt0=,0.9999717066545950
Z1J4RVZpTndVa1A4WDFtSXOTM6I5KIlUM0YYCCdSqvc=,0.9993775464010860
Z0kzTkdlZFlUaXJ2YlJBdNT3u9ldhTk2RExbBoWKeZQ=,0.9996887732005430
Z0JhUk13aThidVlIRWNtV5zfmIlBO877tkpWK2152ik=,0.994907197827071
Z0gwNEw5MnFLZTdEeEVwdCbMhGxJdi0VWkNostwMvNQ=,1.0050645088275200
Yzl1RlM2T3BteGg1eU13SjgWX/BQ1d2FHV2G3Q5xr28=,0.9987267994567680
Yzk1ZEhoSnZPSWkwNENMNp5VhgfoRaeveKKe0GVgZN8=,0.9953598913535540
YzFmbzZpQndJVVAzcXBTdL8ACZfIIJWhvtUgp9nL7uE=,0.995416478044364
YzFlWmtoMFgyUnhUQm45bBXJeI7J9RIzhlGN2UbUvJY=,0.9980477591670440
YzdLU3lCRXNQR1lqVmZMb2CztPtBnBc7Nj6h2REWck0=,0.9996887732005430
YXNyUmN1VktVV2dJSHZsdwFXvmOX4h3ysVvt6oeWR0Q=,0.9953598913535540
YWt6VTFXb1lwTnRtUlBmatTROklnsy+ciBgUcv686Jo=,0.9986136260751470
YWNyTHloYndwS0RGbmpmOX3Y1WU/fFYCL2z6eLhkIBs=,1.0020937075599800
YWM0alg1ZnJKMFNPVEI2OBT3x0zDnycMO44MIiy8EUM=,1.000339520144860
YWhWSms4MzFOd2ZiNlFXbEiVLsggwVnBzzYfSlar+qo=,0.9953598913535540
YW5EcEV1NzhGNmRpQ29VaEB9QeHIIeCRhmR8DcM8zOg=,1.0020654142145800
YW1OV2NiWGQzUFN1WWY0RGDeQ4jWqP+JCfN7fSxMhCw=,0.9974253055681300
YVV6a2dZRWR4ZXVJU1RHWH6gZOSME1caj/waGvT7xB4=,1.0050362154821200
YU5oYktUNTlIN3ptRzJsV/CDs91VCF6b9CAy117KfLw=,1.0007639203259400
YTJRY203cjNBczR5VUowZyQG8rZeNrmZWRDqc6T2ErQ=,0.9996887732005430
YnRkRnVydjZBQ1ZQY29aNLcMVLOUe1oi3ouEQ1/xjww=,0.9992643730194660
YnpnNkI1V2o5U0l4Tm1mcbf9eLB3Y5e/GRsdMJ0awbM=,0.9996887732005430
YmZEMTRkRVoyWGFuUVlwTYvL4CUNTD3qfoH2b5RDVa0=,0.9953598913535540
YmprbU9QbzRHSlc3MlNWbljk0cNNar/f1WR+RQ0WlpM=,0.9996887732005430
YlltNzJOdWRVT1RScmpBNoiaP17I+qElnZ6EjybOhI4=,1.0050928021729300
Ylg1N2poeEVIMUM0VmV1Y3CbD7TOR5LaRJ2XrEnf2lM=,0.9974253055681300
YlFCMEE5TmhLelNGVDJzN9ypoGhXOFv/zGU389B8c/I=,0.9961238116794930
YkNKZUt1VDFjVWF3OHFkUAXzPN2YT738X5xGj9GdD80=,0.998076052512449
YklIQmRYaUYxV0RDdWtuUN0NM9ZyF99KYap9hCDxnzs=,0.9998019465821640
Ykl0TzdvMUYyOWdNRWFlSh8qKgc3N7KcrVLsAnvL+fI=,0.9959823449524670
YkkzdFo5aDY0TFUxQnFXbIccIyMCSbCPJUNHY1ML8qQ=,0.998076052512449
Yk9zb01WZGVjeXVqRjRFeEHWcvzXPHBMrkR5uMz9e6E=,0.9972838388411050
Yk5rOXFnUExWakJVZjhUWj+G6gFbx5QTmB9f/oDc+IA=,0.9947657311000450
YjUzMTdxQURaeEVoT0tNRqkeemQzisWFoZF/yNNpZ/M=,1.002999094612950
YjNZRDhvYUp0eGtDZkVsd1MVgyC6WjDUwPfJrOe4iLk=,0.9996887732005430
YjhvbnNobFcwVUROVExtaXx5xRnwZM/LqwIBHqX8OLU=,1.0048381620642800
YjdndzV0UGk0WXhOZUtTZsjSMhanhmPMfgJNdEBD/bk=,0.9977648257129920
Y3VueDJQZDdmd3Z6SWI1NmeQEqve0xC4FczYcT4/4bo=,1.0000282933454100
Y3F2WVZwSm94N0l1RWRDS/Kw4OhzMQS/31rebSVnUm0=,0.9976516523313720
Y2ZJSkduQXRXcnNFdzFGS3LVVplPSzh2EFSaUYzIvhI=,1.0022351742870100
Y2oxOUZyZVlQU29md1I4S00SHhFIL5CveoZGIXk9LSY=,0.9959823449524670
Y1ZEYU5ka0F4bUNvdkkxVKSk8OZmLArpm9DV6JkzDOQ=,0.9999717066545950
Y1k5MEk3cURYTThyczZmQtsjNLQyEXYnsmM4DBAxfGo=,0.9996887732005430
Y1hpNkFoVU5vMldtclFPdorI4wyWsAzPz0OS7T9R9u8=,1.0048381620642800
Y1E5WkVMZzVlNmFXMFJ4bLc3jrc/uXQkEXi3j98qySM=,1.0037347215934800
Y0YzQVVnaGRpRUdJYjk3UVzK3L6hAz5oAk1+fyVCAP4=,0.9987267994567680
Y0xzcG1iSzlsZFhQdk1nQkIq2knIEOOHrZ83Tuy/i4c=,0.9953598913535540
Y0lYbUhFdENVUDVNRmdyRBPbIiupMvI+BFxeyTsgxu8=,0.9953881846989590
Y0FJVEx6V3lsM3dlb1pmUCQwDTxCshnjKSSmUHtVFtY=,1.0024049343594400
Y09vdVJOMmpIbE02YXN4TKky6Y5kU11qSl/FV5xdyQQ=,1.0012166138524200
Y09obENlOVBOYlpZbUhqQrNgLABLOoryr3KRI7htySg=,1.0006507469443200
Y09GOU1rYlEzbTVKdjZLc0ASk5ylRxWV9e3jsK9QzZY=,0.9958125848800360
WXU5Y21FdkpLeWZyVUxkNMKKiyLw5CY/fXP8PITFl5o=,1.00526256224536
WXh5c2s2SkFxZVZkVWNDRfVgSSy0iUkfkVtWkPV4c/w=,0.9946808510638300
WWpwTDQ4dlRGeWtyVndPTsSOhp1AC1SAG8m8n8sAF4k=,1.001386373924850
WWJTMFdWUEJxeG40N21zckyI2fYW4MOORmsv6PuIW+0=,0.996831145314622
WWhrSEtKTGZ4RDcxbWw1NIU8qwHmYTJ9ccsW2bpPkbI=,0.9981609325486650
WVgwUWNPOWJINHVydndWbJbVh/cN7zGoBiRf15EHt0Q=,1.0019522408329600
WVc1dzdSUTNhY1VQemZqSobzjxOQj0Pqw2x39TuaI7w=,0.9996887732005430
WUZFZWJmeEM1OW40cnZHUk/KZcL98YdZUc0STUuQwVg=,0.9948789044816660
WUUyeVhrRGxKcnc3S3pOML4mnap/VgIvbzKG7nr6sG8=,1.0025464010864600
WUs3UXN6NGRISmdhcUFpTUeqYlgWeVHwmDy7QkUo3IY=,0.9953598913535540
WUcxT2txYWpmUk44cGh2MvC8uGEGBbORjRj+jsPK7Z0=,0.9996887732005430
WThxcGxWYWJuS3hnRkQ1U2z61m7/ug4QJhxHLbbb3ws=,0.9988965595291990
WnlVMm9ydXB4WGJjTkh3VvT9rHQBYCG8l72Ct+ra2YI=,0.995076957899502
WnhRZ1NUempmblJPUEk2S3x7Qw+LGheCD+I7AiwBDi4=,0.9996887732005430
WndXZTVMdkhLeEZ6akoybOrv7eUH3KfO9k7bUexxWzg=,1.0021785875962000
WmI0ZTlYOElNTHNseEVQa8L2+ZbDjIavtA0a5EH7EG8=,0.9996887732005430
Wmd1TmxtS1FSQmpKYjFvU3Jhdze9rCBqd1nG5DxZ4t4=,1.0046684019918500
WlNwZ2pWQzUyZVEwOXdMek1Uz7UbH34H6fyh7DnJSIc=,1.0036781349026700
WlJ6c0tNUHRja2RqVUpUMjEgBTjcL8YdKk6Gf4tt2qc=,1.001386373924850
WkZSc3dZUWc5Y216VU9yYsE62+Yx4X/zA6H+UUHIr/0=,0.9996887732005430
WktCSHdEQWJzOGk5bTZrUqkFOAE5QNZpNh/sKPkSaWg=,0.9996887732005430
Wk5qRTUxRDhJbm1wc29mecuhaYMulPpa1r2anC+0mU4=,0.9999717066545950
WjBITWhXVFlicGQxRXllUhh9RyU+YRTmcjRYw3vzdNI=,0.9996887732005430
WjB6MW9kT1VGWXFTNnR2Qy8t+MFe41bKBGOu19f0u7Y=,0.9996887732005430
WHVLd0dsWWc5Uk1GQlBWZRwcK+Whr+/kFcNNNR4rCwk=,0.9994907197827070
WHNvVk9ZQlptZnA4NGhVSeOMuVxtW8yPSpkPb4SRANo=,0.9981609325486650
WHFoQ3lBTmtZTGw2dkZQVAz73DFJDaDiNm16GLv9nhA=,0.9961238116794930
WHByOWpEMzZSQ2x6S2VMbyOB2VNnQfEh1IYQVa0rkHQ=,1.001414667270260
WGtyaHZGMXM2TThJMDl5YSxHSZYHGG/xKJefAP0TxmE=,0.9971989588048890
WGJGNVFSRzQ5cDNyaEpITIDFfe9lY4h4ZhBWNAwLgqk=,0.9976233589859670
WGFzRm5wMldBVmtvdVRJWe8YynDHMZi9pr9t00UFtjA=,0.99824581258488
WGdIMHViV2FsS0dFM3hBZd5jmEBsSD8k/owk+mtsFBI=,0.9946808510638300
WG53b3B5QWNFTnFMbUtnZoWpFeNo/IJYyFFeEDB6siM=,1.0000282933454100
WG1FbmRmS1Rjb3FGM0N4OUNj6jOtcAJG0P3mmw4DkTA=,0.9953598913535540
WFVkeDZMdWNuajlSWkFmaMDScYyNOV4gxyvSneUoLHI=,1.005121095518330
WFpxdUhBZG1OUEowNGw2ZVId1iyvxelB3vaK6rPCT3Y=,1.0000282933454100
WFpCWWtlMGxxbXJzOUNnVqsM8v+W7qVAF3QcHeRVIFs=,1.0014995473064700
WFlLcEpmdnloemFDWmsxZI1C9y4WRwYI2Z61ubS/4eI=,0.9947657311000450
WFkyc01iTHBVMUlESjg0d3sqGptuAj3L+obuMDclR5U=,0.9996887732005430
WEJZNWZzV0FoQ2tHVjJNRBppuKDiAIt9q40ht4WVKa0=,0.9961238116794930
WE5qU1FDemc4NHJvQW41TYL8p+uOHXrGxbVKjPGoQus=,0.99824581258488
WE04bVpEaWNCMXRzNGU2NQApqCiBSFD46TLBmhHkqB0=,1.0033103214124000
VzZWOFA0SGtJZFltSzlKM8jiT/D9c9ShjRkc7KrBFAs=,1.001725894069720
VzM0dDdFcjZUbGdQU3NBObLaq1wdJuVjKSy+uNhp1O8=,1.0028859212313300
VzFNbzQ2Q2xHdm1RM2pmcIaX2f/vw++QfTOzFWIGJOg=,1.0049796287913100
VzBLNnZSYTNWcmlTbE51bp1bEZWnwbNoWzSmDirICLw=,1.003168854685380
VXYyRkRLSTM4Z0xZNkN3NLwQAMUGF14meXT0Gtkh9H4=,0.9988965595291990
VXBmQjlxZ25ES1dUMjZpRXCSm+XVI8AOj6KOog5xUZ0=,0.9999717066545950
VWUwREZicVZ3QTdyZjFjeQZbD4YyJ2JMfObKrigNy50=,1.0000282933454100
VWtpS3oyZ0FCb1N2bjFDNUT3X9PzTySI0YhCOgmtafc=,0.9984438660027160
VWQ5Vk5aSzhhdWg1ajJRSBe1MprfLIw8Dbj3y/FeLnQ=,1.0016127206880900
VWJtNUtpT25wSkZ2N0lTOSd5QrhPJeFAbhpA1X3ligw=,1.0002546401086500
VWhQVEVPeE43Z3FBYmFENRk+vXKpqnZktrnrcUZT3VI=,1.0013297872340400
VUZERUFpNmQyZjBKcnNPUovAAxT+vQxsFMe/fw8t4VM=,0.9953315980081490
VUpjZzRFaXdvSFh5aHpmN4go6QWNNxmoCemy9BMAizk=,0.9996887732005430
VUlyT2QwWmpobHc1V0s2R7z975iR6CcOeaYp4sIIq3Y=,1.002461521050250
VUhWV1RLU041ZDkzaGlZcPdCXUBxS/NeFww+l1I5rP8=,1.0009902670891800
VTBCRFd2azNqejI5b3JDRcmzItFg8eqBrLuzEaKQr9Y=,0.9991511996378450
VnVKU2g1Z3d2RkFqS1cydAvEn97oQmEb/SXeG2ihv2M=,0.9985287460389320
VnoxQkZ0YjNJc2hHMmNBUxTL+LSWhDaLPV2HI8NV1zE=,0.9977931190583980
VnNMVzloY3FkSFE0WTZwM7SS2cYpWEqkcPYjx2aZeKQ=,1.0027444545043000
VndsQkVlY3l1OXNnTUFkYhFR3PJGzeTTLehj/JbjM88=,0.9992360796740610
VmZyWUhCRFpGb2JqUXdMdbliPhAAy3BJOTVmPXMkRIo=,0.9956994114984160
VmU2NXhBOElUMVVLeUZROdNdkxpVPn4S+OqCCpxYcrI=,0.9988965595291990
VmdyN0tIRTZodlBXRnA4OW6FTw+RJ2zgy/+g8ZSxwOQ=,0.9996887732005430
VldpT3owc2dZTG1QU0RxR/6FKCUXOkUVnUTYEzlYhXI=,0.9979345857854230
Vk52VVhFb3F0OVJUNU0xQaGwhXaoVW09PLwcDSki//Y=,0.9950486645540970
Vk4wMkpBeWdzRGJTY0wzSYouSCd/+tyHTpjm0AVtr+I=,0.9996887732005430
VjZuZktySUJ6OGtOZGdDMbXzGiBBmFqGwOOxTDkHp3U=,0.999632186509733
VjZobWk3a3hVT05zUTJUZVwF/RpllAiIgH61fDVP2P0=,0.9949354911724760
VjhQM2FKZElwTzJZbmNqUjUxDwu48DkvotSZtRYDoaM=,1.004413761883210
VjBIak9GOGlXa3BCUWRYYQnDlW934leAUq6b9Mco4c8=,0.9949354911724760
VHNYMU51MjNRS1BNd0JMVb4nTLnRazsveVQpgZUJxjQ=,0.9959823449524670
VHNvcW03SHdLZ01CajIwUAOJ3XuMELg09v6qMYgjwvk=,0.9963218650973290
VHIzU2wxY2FFOEZxSmhRdTyFsx0qgeinJzHMcnwPnvs=,1.0041308284291500
VHFMeU1LZGZObVhKMXpIT2OCnewh0nkx9nagb9EKdyU=,1.001414667270260
VHFlanlwdHVQTGxSTndIVhWx+RSR1hZFfjzv9/n+3Bw=,0.9996887732005430
VGZHUnQ3blVlZ2lJNXdyWBYVYzzpmA3qBhcuVelnPzg=,0.9998019465821640
VGw0bkhJb1V5QTViSzIwUc7KfUAKonlO4Q3xaSz0D0g=,0.9981609325486650
VGtscE92eU5pQVJWS3U3ZzgmefMSZWp6FHnzN0dmejg=,1.0027727478497100
VGtQRVhNUTh0MjlPVkRTbBaoiFApUtrXJyAvtSWv788=,0.9961803983703030
VGtlcHptUlhXQmdvdVVWcs+4Ej2OxDY3ah5wkXEsscU=,1.0033952014486200
VGJ3T0VBN1kxY1JHbVdaeqh/ZBr2fxw3hY+d+3W+JA0=,1.002291760977820
VG5wMm04dkhHSWhKNmNnWmM5vrTc5w8J04dJq4++27k=,0.9995755998189230
VG1Wck1zcTVCek85dDJnUzDG7Z1Hv7LwnGqzOfCj17E=,0.9976799456767770
VG02SXZDZlVOcnRhMm9IZd8UayB1N45D2xGT1tbb/yU=,1.0020937075599800
VFpqTXJueVFHWDZwUGxSMdODMWFKbPsdHuA+fXxLRgg=,0.9981609325486650
VEkzbFhBbmk2Y1d6b0xqUaHKqZikJq4LX++wm8Y5nRU=,0.9949354911724760
VEcydW94cXQwZk1QcmVTYd4Bq70Hwhk8cz9ehhxhqLU=,0.9996887732005430
VE1GT0h1M0lYaUNQbWZ5ZKRum+GMTVDPvb4yt+9aYKU=,0.9999717066545950
VE11b1BMUmFzY0dFVTFucmv7glAxnUfB72FIHfyH1vQ=,0.9981609325486650
VDVuUzFEWXhGdGdzdlA2akAXIAJlVjlPXI7iuBkfq4g=,0.9996887732005430
VDhxS0dVbjM1aWhiZldPNHEcKoQ2hDaNJwJsbrBbpLo=,0.9957842915346310
VDFIVjd6aFFMQklXRWdwRIIMGu4vbed1scpl+yqLWI0=,0.9981609325486650
VDEzbVZPdkRxNUpVYmk3avwYcbERDCU1jD9cOJ+CLyY=,0.9953598913535540
V3RNMUFJTDd5NTBtT1JYamZdMvPL7gpB309NnLXff8k=,1.0030839746491600
V3pBNE1ab09ZOWx1eXNqMteVUUFQtE1OudROAh7utCc=,0.9964350384789500
V3NHSG15NGIwRmEyVVZTatKP+ocz13Lye+F++z9rN2w=,1.0012166138524200
V3MzREhTTTJRY04xZ0ZPRV1v853DyyEjJbYwflHZOzk=,1.001386373924850
V3k2Tng3dTNzMER3NWhWaqkCYOJD8zMbf3jQOolq2c4=,1.0000282933454100
V3JoSXN6QTU5dEVWWkZ2be1IgOHLWnZbdGr/k+2Jmh0=,0.9981609325486650
V2M3SnhHZzB2VmxFcXdhMR8EyzMOp2ZGIazkzwgv3s8=,0.9992360796740610
V2lwUlh6bGZUZVFvNXc5SaZX0Jrn/xOyknX5HiWMDPA=,0.9980477591670440
V1NRbFRwTkNBWXZqSlVMdXvO1oD2OgeaSf7X5EABkAI=,0.9988116794929830
V1lDZjNKakk4UE1zOTJiVDNbAjkCRteD93+LuTAgeuw=,1.0051493888637400
V0w3RFRteTEwU2F6YlA0SdZmapzaOh61qNLf+SFtf2k=,0.9988965595291990
V0VSMk41clhBd29tVVQ0TWNk7lbQl5CMSCnIR+ih5y4=,0.9949920778632870
V0RZRW92Mk9HMFMxNGNOaXQwDP5b7DdqjInIt1H4cNw=,0.9988682661837940
V0FnWnc5bzB2M2xJRXM4T7H/pwtSEmmwbX4pOHwYmiA=,1.0028859212313300
UzVuT2dMMWZHWGhQdHhyUV1GFziH4Zwk7rlbYoLUMy8=,0.9981609325486650
UzRkMnZjcnU5c3FSMFBNWUC1p/JL5ZNOOk5iZXp0vAw=,1.0028859212313300
UzJmbkdMUVlXWlRhSHJjQYfq7pJp4slKgxZ4D7dV1xo=,0.9961238116794930
UXRUekd2NHNDZTY3bHVtV3fOZY2093Fljd+j4Pd6tdI=,1.0043854685378
UWNZdkdmcUloQmlUUzkwM08+u7hT+LE12xREpr9RGek=,0.9969160253508380
UWhaWTVTazhIZGZsMUI3RBxkMR7ngk5+HEnDeKXndZw=,0.9996887732005430
UW1SeDlGWE5TZ2tEMXFBVtKGdonsklz9S9bDxe5HP3k=,1.0011883205070200
UVladXhzZkRrQ1hIcjR0TgnPfKVlU7NulDNVFBZfX/0=,0.9961238116794930
UVhGQXg1Q284WVRJOWpHS+uKwSYVBeyMsxBYR72eYnw=,1.0034234947940200
UUlvaTlCZFptWXBjU2ZYMusGf8VfE7e1yW5ajmJ0cqY=,0.9988399728383880
UUltNVlOd25nSGxkRExDdPK5KLZIOzYv8hZ+730oINc=,1.0000565866908100
UUJEcTZhd2dITzRoMDV5UBMv7iJhAjNUWRU7f15PlC8=,0.99912290629244
UUdFbnVTSW9oVjBGalhiNzQDUOftJ90uzPGGrdiVI5k=,0.9968877320054320
UUc3Y3Z3aloxV1JNaDZ4cUf42UlBZujP2O7MJ51Zu2I=,1.003706428248080
UTJaZHl3RXpBNnBMSHNLdbcBV4XujJuilcRS+J7R1wg=,1.0009336803983700
UnZnb3VGeTVBWk1WUFNHMn3ReQ99oyJBzWJnho88Qtc=,1.0048098687188800
UnQ2Q2RlTUpMUWMzWFlGa8OSBdpBeD3Ja91LxmmmBFE=,0.9953598913535540
UndXeVY3dUdrSmQyVWpZM2vDY/bvWEDlS5G4L7IjxpI=,1.0031122679945700
UnBEeld2eVZhaU4xM3dUNaWPmTCPAx833kOY7IDIy7w=,0.9966330918967860
UmxJS1puRk12bTVjemZxV17U9r+juyBTvEShesJ9WIY=,0.9982175192394750
UmU2dFk0b0dkRU1ITk95U34zxgR3mOw38F1xT5iwXe8=,1.003876188320510
Ump3QXZhWE9TZ3RrRTJKTIJUurE6eoPKlg63utfBM18=,1.0012166138524200
UmlIRldBSjIxOGJPRHVqR8lfNhOrT/I5Zs9IW0r4Z5k=,1.004045948392940
UmFsRDNUZjAxOXJ4Nk9CSg66amk5qymaXcBFl+CXtps=,0.9979062924400180
UlZFNmZZSVV5SHpEZ2xMaAiOlG2v1o/fA4eZcFVSBJU=,0.9996887732005430
UlR2MFdCeWpBbllnMlZDUJfXw8TfXV9bDtX43FTCM6I=,1.0035932548664600
Ulh5TVo0SVFOYXNjcXo4bzyo7VyFE/0sgd4wrlOryxc=,0.9999717066545950
UldveVNjbGtNdHJOaVFtNl6ijLupX0lDePMAfWPtm/o=,0.9983023992756900
UlBVZFRLMzc1Zmh1emtWMffPrGz65vgHF82+N1/87U4=,1.0048381620642800
UlAxMFlFc3V6Vml4VEFlZPbdY0AyhXwW/6VYcHePtQ8=,0.9996887732005430
UkVLa24yN3kxdFNlekIzb9hiXA+BX3oCaEXiKi1QKFQ=,1.0020088275237700
UktFWW1yMVgzMExRQklndZGRSmw/b8calbg6NfuJRhc=,0.9958974649162520
UkhnMFRKb0s3UHhNc0czbPvJKzMuWzr1eobkUF5nIGE=,1.001386373924850
UjZtb2VzSDBMQ0twa3VqeEOxtFdyVRzPeyLUCekF/Zk=,0.9976516523313720
UjZjRlo0V0RiVEJFT1lMZsCHwxw1qPoCsJRAR4xPxSg=,0.9973404255319150
UjU5Mk9QanBMdEYzbEhOVklRlRXLX2fqNS1tqQdM0TI=,0.9985570393843370
UjN4OE1jV3lUWFFsSWs1NKK7egEt9e+rd86Q5ElzHzI=,0.9968877320054320
UjJoTEpGVWs1SzFIOVpxQm8ipmvU3UumHrVrUAl+woo=,1.0008488003621500
UjhYRDFndnBxWUtDZFYyTQPURQO1fgTBEYcBX4ivX1Q=,1.0003112267994600
Ujc2Z0JPNXZpbFBUd0lxTdC+cCXBYvUc+NB5+sunVKk=,0.9978779990946130
UjBGYzk3M1NDdVFCVW41ZS19KiEkTH41c7LoS4CtIwY=,0.9996887732005430
UHZNSkxBZENmMEszdDQ3YiboDxy8Qp9duP1Z4mVSChs=,1.002461521050250
UHZKV0hvYVhUcnhBWmZiVk8iOVutW7WdusQ5mULyZaI=,0.9996887732005430
UHRPbXNlb2dwdjFaR2NhWIO4U1fKh78yuRlqtMJvvTU=,0.9978779990946130
UGZRc0g2bkdrb2FZSlYyTAuCkq+T1vbCB5KfnQHpWxQ=,1.0036215482118600
UGZaWWJCanQ3SVhVTVdtemgwVQUMF+mhzpl/SkI0Iig=,0.9996887732005430
UGNCWERmZVVhck5rU3hwV97L1pJHk7cF36WZ4rHmgn4=,0.99824581258488
UGJxd0FtNmdlVDFOZDNKbH5hjRccTkkFcxmkJgrfiDU=,1.0047815753734700
UGhKQXR6bU5zTWJvdjZnRfBSReAru6+KNycpZEhnhAU=,1.0042440018107700
UFhZVzdTdnVxVmRVUlo0ecIt4Pxpy5m5Iu62Z5nzR/A=,0.9996887732005430
UFdmRmxwajlhWTZVR1IxM1yYwUlt6hl50Aco7jRJVis=,1.000735626980530
UEVuTzdiS3hUdVYzWWZtd17vvWDwxvwQPPjJB8+NJzs=,1.0028576278859200
UEljT05tRXBUekxuOGJoeWRES4oL9/UzFRCDOfgJHoY=,0.9961238116794930
UEE5NlVRc0thUkIwZkxKWoL0W209nLVW6E3otg+CD2o=,0.9985287460389320
UEdidW5DV1FEb2g5S2dMdAypnLbCfxc7lz3WCYjaZrI=,0.9996887732005430
UDRwTFR4aDZpMmo4cWttUx3LNmEzFZOTfSr2IGKWHNY=,1.0018390674513400
UDBrVG5ONTlLYTFwZVIzSMAycEnMkjqGZaZ2ZykPnI0=,0.9959823449524670
U3N4VXJORmxEemZiUHFDRdG/2frr0G9A2/Tnp++bwCw=,0.9972272521502940
U3c1WlhyVGJZSTM0Z3FCV+yTAXMxwwSbpcfDOVqcV+I=,0.9958125848800360
U2Z0Ym9KWG5DdXc5a3BzRb8E4VOfXqsokpGECXsKFdw=,0.9997736532367590
U2RVNTF6Z0pROWJoeGZhWGdJjrkXD4kSkLGDIiIuAEY=,1.002122000905390
U2p2SGxNdFg3REowQmlWYbntvpWh6GytiNAMnL8AwUs=,0.994907197827071
U2NGckdnZk1qcEVxWWViTF8AJbXITjjYW1w3b18TL4g=,0.9949637845178810
U2lFblk4Zkc1TW1zWjk2QX3cYaVjkdByBXug7UzX2rA=,0.9974818922589410
U2kwcUxjYkdWalBEQ0VaM+Bk9Jv08ptvRnLKg24pJkA=,0.9996887732005430
U1VXWmpKdTM5ZEVMWUNpT7vlGZKLCQeiz1P3lsQQGTw=,0.9955013580805800
U1Rlamx5M2JGQ25KelFkc3FvEqUPjZIhbku7wyrixO0=,1.0048381620642800
U0Y5TENsMHRUTmFqNVI0Wl++ZLCX8ZJoD1aciS5dwb8=,0.9949920778632870
U0U4bUM0NWtwRG5VelZOUJh/csk+p4cSB7AnB998xlc=,0.9959823449524670
U0RDVGphMDE5ODJKa3F6UUEZVGCUnBkE3bJKHfGnS94=,0.9959823449524670
TzZrUlUxQmVXMGdHbkphelaqzI0HxVJraJ70Jbeia4s=,1.0
TzVueUtqeHQyZ0RjZTA3MwQ6y54WRbHPyAuQPYR54Mo=,0.998415572657311
TzVIZHdUR2l1YTdEaFhwcoYQeFJRngbzyje35wfEp74=,0.9990946129470350
TzRReGJtWEtEamxxNVVvTX3oIO7zsMD/zPrl/dFOrV4=,1.005121095518330
TzNwVENTTG5lREZ5c2l2VvCttsbNIi3L/UqWR3fUTO4=,0.9981609325486650
TzlJNGJXUkhmTVF5TlU4TJ/n3w96XoyqeSKiBpaH9U8=,1.0018673607967400
TXIwQmo5cWVQRzVVcFRBaXM6ogMPc52yobrRT8MZ5Fo=,0.997170665459484
TWpOcko2ejVhM1ZubFJ4cewYghJ+GnYzEAwtnZ7v87I=,0.9980194658216390
TVI0aW5TQU9GMFBhb3VjNncL6jsQIkdPYEjq9GIkb+c=,0.9996887732005430
TVg3MXZ1Rnc1YzJnQ2FWcAEz3ckeeSfEicymKM9iX2k=,1.0024049343594400
TUxwQzZLUjJ1YWgxazdZc3QK7+afHLmVfXDJ8V5YeN0=,0.9972555454956990
TUtMdlB0amtteFdWM1JkeZOHP5+wO4R5etncSmrYH4U=,0.9972272521502940
TUMxdlB1aWc2NW0zV2hBMqhLUTxdjYOquSZ7+AmgZMs=,0.9981609325486650
TUJRMjdMOVBnc2lFWFlUVRLVZACkfp8jbWKlz3palCM=,1.0014712539610700
TUhYblEzRno3WmRUcVNLZoILbQWYsAtNR/5ODybLKUA=,0.9961238116794930
TnVURlJJdmJpWGhRS1M4eHwkahTppz8rCvsRZdNZNgk=,1.0050928021729300
TnRuY3hMYlJDSFhWRUppa5HBUwI9/sKhmuAkE/HPAMo=,0.9962086917157090
TnRJT3lETVRXMEF4UW9pRV7Wmq/ZjVUSXwBqU9ffPVE=,1.004413761883210
TnJCbTVZdlBYMWVHRVduaMTvoCPWGAjLCelhmPQggrE=,0.9996887732005430
TnIyRmJLSEVQV21pWk1HMwzplqOGZjsdI3v3FKjrqsY=,0.9967745586238120
TnIxUUl4WVJVY3VxSERaMJCsi0IIlC8GrIsBRXuLQ/Q=,0.9949354911724760
TnFaZFJoVTV6VkZKY0R1M6J0foWhfrnFDhKcVrVWzco=,0.9970291987324580
TmttN1Fob1NYeFdMRzF1c+fEmuRY+0EdHLhYShEWyfM=,0.9996887732005430
TmNwYlA3allBaUdtazNuRN8Q4WAy2L2Muxlrfk+HV7s=,0.9972838388411050
TmdiSVk5MFdtSDNjN09FRrgFma++nk8TX0krz6RLZ2E=,0.9991511996378450
Tm9sSkdRRmZEbTh4bkwwarGVayzbCtPG+Fh6zj8btfA=,1.0016410140335000
TlV0SGhzdkl3TDRkZXpBU4U+lYXF8n373uZJTpSCF4E=,1.0000282933454100
TlRKRkVNWlE5NmRoSFJZV/vuqi5afmH3VLdsDG3iwmc=,0.9981609325486650
TllIUDB5UWVCcUFDM3ZEVwWILrMp+87Ucc0vwDurRc4=,0.9988965595291990
TllGdXNLaXhxdFpoM2Mxar9I3OY3XHEKst3fLHkUKVo=,1.001386373924850
TlhMMXVoSkkyUG5rV2Vid/3VBsINegIcsls2u+LY0B8=,0.9949354911724760
Tlg4ZGxSQTlEdnhIN1FNc39MS9RQVisBKMOdAqmSSJQ=,0.9972838388411050
TkZSdlRvMURKcHFqYVV3M8N4Y5nFOxtFq4N/et/pGBA=,0.9960389316432780
TkxkejVmeTg0VGdTUVZGbrhu1gJopGxAiq23Lbcs+G4=,0.9963501584427340
TkVrQXpwbUlQckdlRjRoavBs1EkJtaJXECdUF5hy+ps=,1.004583521955640
TkNyRGFnNUc5UlZNOG5ib3Jkps+iTo5SO5Q9PjXTQX0=,0.9996887732005430
Tkk2Q0RCMFJUZm1FOEtNSMwiXJnsvanMvAglJvrNH7E=,0.9961238116794930
TkJyRWFUVkpnaDRwMEFaObUZkxBHDLM4JmgSb1lHdyw=,1.0000282933454100
TkFueEM4UE9pTDZlZDRJY1829rbofIAnnP6OUOqYdGk=,1.0041025350837500
Tjd5SmRUZlo4Q2p4SWxoV9VvlvO3rPaJuppjXYgmvnI=,1.0025464010864600
TjBHN1lXa2pINGxPSU16ceQHfI8Txlxy33UECm2e6rg=,0.9975950656405610
THRmVVF3RGVPcTBNNlZaQzQHmq0avgjznNBCsfEhQEk=,0.9985570393843370
THlLRDg5U21NMjNkWkc2bh4PRxSyqamXscv+ZTO48mQ=,1.001386373924850
TG9JaktEckp6QUJ2dE9iNntxqvocw59YPFPRQUmK91M=,0.9972272521502940
TG94d3pYU3FhM01Lck9FaFB2S6987qBxAQTFdXVD+uM=,1.0050928021729300
TFJDQnlLd09rTlNnaTNjNu1CIajPG8xZGNr+o7GZnIM=,1.0012166138524200
TFdTZmhrdmdyVGNPWVhGMKvdM2Db3A0X3BjXVD3QjVg=,0.9996887732005430
TEpSU1dGUDNaQml4UXdFTk+SA/ef67RsxrRGCFAEA+4=,1.0000282933454100
TEpPY2RDWTdiRWVVQk1nWt6dUNIoMjdIJP35J2ebdvQ=,0.9985570393843370
TEhZNmtNWGNTUlBuR050Vhiu+C2BoEFCMAnq9EsLY3Q=,1.0018107741059300
TDVhVnBmb2VHN2wzMjF3OMqXYtzErU0AmTKqdBVb6vw=,0.9969726120416480
TDJsaUMzdFdSamh6RVU2SpMTWofRywXAtYQ8PfV8szQ=,0.9996887732005430
TDBOZ1JPSUtvWlV3Smk1MroVhxAdtgiBCL0f2qV7zEw=,0.9985570393843370
T3pwV2NNZUpZZDF0UVg1dU3iGrjo0ChRcqaUJUMADU0=,0.9996887732005430
T3duSkZlMzBka0t1MWhtarluKpBoJeJmbj6hzjwWzm4=,0.9985570393843370
T3BqUkZiNlREbmR3dEpmaVD5nDJqtCSvEobV3K/2zXg=,0.9991511996378450
T3A1b1VWMndtbjRjTFRrelv6eEdh27CyuOl+c9sbPZ0=,0.9987550928021730
T2xJUWV3ZkNqU0hYa2h4RZC08TKr66atdfbRfGdvOpg=,0.9955862381167950
T2o1YkZQMU5peXRBcnhEYZOJhXrHqodp7bEYBDo2v2Y=,1.0011883205070200
T2JLblpkajc5VFJtNEpxda7rDOWR1Vz4AeSMsHNF9Mc=,0.9972555454956990
T284RXFuZFdKelVMRFpDQr3qvvnoZjWISmp9XZMBiTM=,0.9968594386600270
T1kwZjRlVUFieDgyM25FeUOxHzfMy2/x+JK+AuX1w5Y=,1.0002263467632400
T1JGaTNJQk02dzkxTHNVdo1oWQ84FdyDtdN9ba6jJ+s=,0.9958974649162520
T0wyalA4UjZDVHdzaTl1TehsE3G8IrU3YplTxfCCMcA=,1.0050928021729300
T0lXRllNY3NHZlVWZG9ueK8wSWZFvSxYh9FvMVUNlZg=,1.0025464010864600
T0F4dkZjWG1wRFBoeVVUYqhWfbffL9zKaRO9H/vuR2g=,0.9961238116794930
SzVzQmFnUHBKaWhScUE2NG2K9eqQo8xhhB/KnaQ8Ce8=,0.9979628791308290
SzJYTFV2eU9OOW03ZnVZabWTrnVDoTTCN8W5X6XHkOk=,1.0039327750113200
SXZtemgyYllpQmdYczA2M5ZxKZCDytpzI3156LeX9c8=,0.9981609325486650
SXJXdnBZZFp1RkFPRDNtVv35e4xXBWtRaJ0+4DYyJHo=,1.0029425079221400
SXJhUUFWeENOcW9uMTNqT2cZTSSSposqskzL22lleec=,0.9990663196016300
SXFVUGhDTlZtbmFYZlNHcylMklQVB5a5a89qiNqVGFo=,1.0000282933454100
SXdpaHVvZHZCU3pGYzZwNHByPZGnkNDY+RHwibc1xKQ=,1.000339520144860
SXBLZ0xReUNrd3F6ZlNYaa4ZZMUQuv9d8T5MoSxuZow=,0.9978214124038030
SWRTVHphckdRRTVOZTRMT54VThGvWB7KaGV5vGdv6+E=,1.0043571751923900
SWc1ZGtvUjhYRHozczBsSMKM2lEE4NdgW1Q8BOsug0M=,0.9980477591670440
SVhZcTNuYzZIQTdzS1NnV3nQdjdyHWfKY1QcfQLerTE=,1.000339520144860
SVBKM3N1cFpDMUcwS1MyQr3kJCO+MZql4z0AeN/Dvbs=,0.9951901312811230
SVB2ZXUwWEVGTWJsaTZMSHMSV+hbEgnsEY4IgXPY4b8=,0.9964067451335450
SVA5ZHVGcm9KTXY1Z1QxTnf5uHWru7eq0tKehZDdcaE=,0.9954447713897690
SVA2ZU1yelVqU1JiRTREMG88/97lpd9d+n4Uw7Be9JE=,0.9953598913535540
SUZOcXJERUdWa1RhaG5nMqFci96Q6KwqvXf2IFWe0HQ=,0.9953315980081490
SUdWdDROblRRMnNZaE1SbQglN1S9JbPMPlsKge6C21A=,0.9988116794929830
SnpYTHFlSTJsR2pEY2Ftd4415sYfYXXsnSeXZW5lFaY=,1.0019522408329600
SnlXWlViTjBIdGl4dnNFT/WaYfOEv7oEtkr7mEbA6LI=,1.0048947487550900
SnI5TXVDVjdSQnQxU3pJZ1Hl43RDIxGzLiCGjOdNPA4=,0.9976233589859670
SnBrbTVub0dUWnRhZHlXdeFDkYcHink2RdFXb5Vn05g=,0.9960106382978720
SnBEcjNtVW91UkxJSFp4VN/FcA4YqWpXd1ZB2oUfNbA=,0.9972272521502940
SmZPakE3V2xRcUg2Y0tkaL+8tiIY8S/cvWlRUNPpv7A=,0.994907197827071
SmZoaXlGOHJNNFlCa1hORXqP5kHk+ZoXyJ/EJ6VqSxU=,0.9996887732005430
Sm1XQ3JBc1IwZ2hsa1FiZN1VSl9QJ85tBiVGnXo6bDM=,0.9960955183340880
Sm1DSVRGQmk1Z1EzcThZZj1ckm3nTfB+LCFtZkyKCLg=,0.9978779990946130
SlBoN3ZDMHp1dE5HUldnUdSzGakrQ4M+ENCiEHfh66A=,1.0028576278859200
SkVpNkNzUWpXRFRlTE1QbJ7UzHZsyoPsMBBfxef9hmg=,0.9978779990946130
SjUxd2ZGM1ZDOGQ3cHYyWqn2QRsgMid8p8D2Shjt/aI=,1.0004526935264800
SjJWbWlCUWFQNGZlU0tHM58D+eeQbsXzrZ75XUW9KeY=,0.9997453598913540
SjJvN2dXWWwwQlJ2NkRFMyeaeM/qSWlAvHxWN+0rQug=,0.9953598913535540
SHlDMDZScU8zcjJkVUFOYqqpRMb/c8C3k+vVNUo7O+8=,0.9950203712086920
SHBZZlhoUUdjbnh0TVdVVLn50MW7MzJuEwtIvXdvJWU=,1.0007639203259400
SGRLdFVzMlNrTjNWREpqejGh9R8J9xuAJrctKrExPp4=,1.000339520144860
SGJ0cmZ3amRCS1MxQ3hKWL+JXQma4ON+DG8Gn8XOvzE=,1.0039327750113200
SFZKRG9QaTVzRXFXcEJTUq/rie/IxDgi/QcdNqZ/dSA=,1.0007639203259400
SExFdEpnaVdWUGhOTUs1Vb/kn6Tcq8CGHfE6vO/q760=,0.999830239927569
SEs0VGpMelhJdW84WVFmV6cmrdX+8+0THgnRmYeIf7o=,0.9990097329108190
SEdoTnBDemZuM3dNc2daNnku9NH/gMWr+2xxbsSlmio=,0.9961238116794930
SE95MGJsUEU5RGlZcXJSMx/gShmqo7s1MmK4FNDa+Sk=,0.9967745586238120
SE1US2l2WldwSjVHY0ZCZvh1dGPJn4zTfpYvzRQzSDU=,0.9996887732005430
S3VCdDRQUVpZNzZXb3F3ScBrrbyJ33WQhZu5svoHrLw=,1.005121095518330
S3R1Qk9vY05VTFh2YXgwayVWwHmlwRvu0PcV0uQ74Fc=,0.9981892258940700
S3pjbnVCMDdyeDJXNGpDVDgu1Ejxew9wNwELkWwddZ8=,0.9959823449524670
S3JkM2FRa0kwcWJUSnZGN85M3ZMbPrizdLO++xxmDMU=,0.9978779990946130
S2xxR2JtSEFNSmFkZzl5Y4pgfOOZ5Bx/nH2FyFQs6u4=,0.9994341330918970
S2NQeWQ4OWZyMm56TE0zSaO8mH9Ll8ZMAxNh4VEB+iM=,1.0030273879583500
S2lTRG5IQVZ2b3h1UUw1TsJDEPw0XSYvUpAUZt8RUUg=,0.9953598913535540
S2FsWTF0N0MzakhPTFpGUbSq5yihEff4xDrmpnB46No=,0.9953881846989590
S2dMWVBYMDM0Wnh2RUMyRy4ayen2SB8ItkdjYXdZlTg=,1.0020937075599800
S1FyU0JuRENOYnYwUGNaMh4l2Mg5mCqPEQBA8VqV5Ds=,1.0025464010864600
S1BYZDJlYVZnY09SQUZudN8hgGK7ttpf3NOKAnIy8cY=,1.0000282933454100
S0VlMUxIYUJ5TkNGWDJSU4cZpRFjr0336kzH7xerTvM=,1.0000282933454100
S0oxV0lNOW9WaHpOUkJHacDIxc3lARZyQii0OOyg27c=,0.9986419194205520
S0lyTFV5M2Uxc1JXYXZKT+aPRV7KAjAiX1gRyl6Abtg=,0.9989814395654140
S0d4UlFjbGRQc0pvNTRaTkB9H0iCfxNiq8V1Az+Qqsg=,0.9988965595291990
RzY0MHcybEt4aG5hclJCdBgyiISle27B/e313qAyCto=,0.9981326392032590
RzV1WjNyUUZFYVZqWTQ3bD3pZdf9Q4JnYxfy4OQnDP4=,0.994907197827071
RzhMallQejN5dXdSaDJnWnfGn5zgxj5W49P1Huuzmv8=,0.9988965595291990
RzhiS2xPQWhFRHZaNG9rQ4n5Y+3mRFwwnRFS+yjcEsM=,0.9981609325486650
RWZJZ1owd3R4am1WeU5yNx6Kuk+yQRfd1MI8/X61fgM=,0.9993492530556810
RWNmbnhPNDU4OWRlRDN5c3cu7nEh+PJv4PIfbbJ6pJA=,0.9961238116794930
RW9qZlJzS0lhQmxraHpldl1RTGWHjdHQk2M8lpV7b9c=,1.0025464010864600
RW1ZakpVZEI5NDdjS3BRZXjKNcyVs1LziboESvaebKw=,0.99824581258488
RVZXWTFac2QyN0FwaU1OcjhmSxlv12M71B4rDECYXcI=,0.9991511996378450
RVRjaVY2OFM0bEZzcmhJbtI480N8naupwhlLLZsaE4Y=,0.9958408782254410
RVQ1aDJjWDZTTlFGcUtmT+Ck3PbeyFQ7D3YZ/gqgr04=,0.9961238116794930
RVNSVGwxSGo0M1VGOTJpZlSzyadbN4jmpUUCvGosVpU=,0.9952184246265280
RUYzRzlRenVETlJTSjAxcQea6eeWzWZBAua5zySI/u4=,0.99824581258488
RUxNVk9kcjlsMTBzRGlUbXPZ3twylj9UBEUMIQw/QV0=,1.0020937075599800
RUwweG1CS1ljZGw2MlJiaVeeJdv/DB+xx5Mohajwb1c=,1.0020371208691700
RUNTckY1WXZabXVqMjRlN58NruxAWdsTJIBQxK9Sjvg=,0.9996887732005430
RUhDaFZhMklQbXN4VTZPb21+XFh5GVi04p86q8OkDbo=,1.0039893617021300
RTZ6bEZ1YzFiQU1od1IweNeKZRBlrkCPAmD82UHhCyY=,0.9998868266183790
RTRLeWZsdTVaVWJ6R1NJYX9VnxDIWUzJ7GYrGUj0OIs=,1.0014712539610700
RmR1bWxLUklMMzJTckpYVyTzojiutCprMMTeo+J3+Jg=,1.0052342688999500
RmpiaENMVVk1MXZzMEFmbc0Y2YcDRScuOlzggnxnrqc=,1.0044420552286100
Rmp5S1Y3ZkRPcHZVV0FKUAAnp6oZwXBEWTf1dMb8PmU=,1.0048381620642800
RmNmQ0Q5dGIxanFhcjVKc/xG721NdLflKO/zJgzNf6M=,1.001244907197830
RlUzSXJaTG9sSnhwVldBZnmutfBiNXEVxuMsqDm1jEM=,0.9992643730194660
RlpKYnJHaHlJWXBWekVTQu6iKLVRCFxkklFHLUL+3x0=,1.005121095518330
RlhzUU5nT3Q2TEtSYTlKeBbEM2wycn/S7v6GdAh3Pgc=,1.0046966953372600
RkxQdFRwNlJKTlhCMllFTQounkxRP7A5UGsUifSZI/Q=,1.005121095518330
Rkxnbldpc3U5QjdEQ3djZoSjqdqMnDCyIlu7uXoU1PM=,1.003338614757810
RkszYWRpWW1MYjA4dkVmZ6ie0Yc3W7vVa6i5qAHPocM=,1.0014995473064700
RkowanhmSEs1VkxaUXpXR4RmBnofhITOlA2HgEjJIP8=,1.0040176550475300
RkhRaFQ5aXN6dGNyRGtSQ0DHfjo8Wo70uBQGSJa1ua8=,0.9999151199637850
RkFwTUVZRHJhb2kxZ0xOa+IOZMPubKVADe43nzhqVLg=,1.0048381620642800
RjVtMThRWWE5UFY3ckRXZUfQP+dRTsCOcmcHi/u3FmU=,0.9955579447713900
RjF4SGFQd3Y2T3I1RWNWdUbQ0LnM0bXiQQDuAhuKfkQ=,0.9947657311000450
RHNxWUxmeTJibml6ZTlWWOzfchVx2msyD4wxQL8vhZk=,1.003536668175650
RHJHVkZ1MWNScXZDZzh6VR5AEtO8gPr0q5f2c8riFbw=,0.99912290629244
RHhXa2NpSVA1c3o2bnlDao53eIEF+t3z0PpPQWsJG+U=,0.997538478949751
RHBrY3dRMjc1YnJ4NnlXcze6iNDKRaArg6cS2LiuSoQ=,1.0041874151199600
RGJhZW5UcUZwOVI2dnRCbygPJEQLGA1gQFzDbd5uui8=,1.0028576278859200
RFF5S3VMNEhJTTZZOEo5btlw+bWy7UgMLAxyobY8hKc=,0.9996887732005430
REpDSDduaXViTXRLR3k1b8Slkxsi5DOEziAQ1a3pKRU=,0.9980477591670440
RDRCb0Zkc21KY1ZPWmF4MSByhtueiZSmaNcyGm5mGXg=,0.994907197827071
RDQyc2VNM3JGQmlZblhKOLt7AO4j0bKzn7BUmcdk06Q=,0.9978779990946130
RDdKeEVncUY2cGRMbnRydmDwDwoWAChNhsBlcbOdIcU=,1.0051776822091400
RDB4QXQ2a3ljbXpFSVNIcKSb2D4TMMA++lITJS/XB5k=,1.000339520144860
R3RXYWZ1TWw3MW1RQ2d4WmA+kWjuT0P4iYSlNZRZcDA=,0.9961238116794930
R3FVMHNwcmNPRTdCM1RSTsptQimmOky0VZS78dnCGog=,0.9988965595291990
R2xRSGkxb0pSZW1VNGg2T4bM3z5+Ux4EDfiSFAla88U=,0.9961238116794930
R2l1UlRqMjQ4dG9Wa3JXTJISo0umJP6fXOL7WHMNDJo=,0.9996887732005430
R2JodnJEUHp3SjhaQVlCVmyw/Dou/gSHLhjtKQ+4z/o=,0.994907197827071
R29WSVBYek1UTzd1V2JwdoBc3kDuiYwBzGQYbXTQv1w=,1.0020937075599800
R21QNmNOYnBrck1FVGFRUqRLbHWI4/Yv8bjLz6DkA+U=,1.0020937075599800
R1kzU2VXSlZNNm5EaXh1d52KH3n/BocjHL5pQWjNhpU=,0.9998019465821640
R1hsTnRCZVc5VGg3RWZKbhy7mik/3DgqSdd9uq0Bzuk=,1.004074241738340
R0xBclBpemdxTm9YMEZmNGF+tR1CC56vUaJ3DtRBSiA=,0.9988965595291990
R0hyQ3AyYlF5NDBlWWMxTWsRiMfRtoK9maspIUs9FmM=,0.9975101856043460
R096Q0ZTV2o1Y1lUb2VINthZs9dIUk86TNl5mmq28MA=,1.0012166138524200
R002YlV2RU5kdGE4a0JKT/cYGz6MV2HokMOeY1VSh10=,0.9964633318243550
QzRqc3JnSVJXRHg2ZEtRa5SdNygVIa6tbgQvU7qe1ao=,1.0022068809416000
QzNpdDRlUEdnTk04YXJmZEC2pltvTJ47TvKisBVmLb0=,0.9957277048438210
QXRjZlhiWVBrQ3l6TUpkU1IRTMKbQO8epqaum2iRgL0=,1.0048947487550900
QXQzMXlPWWZuY0NqRkhFbB0qf4tr47AXRr7AzjVq3vA=,0.9978779990946130
QXFmVW5qdnA3dHhUUXVoVuJXdcQyC3XJtB02v6ln5SI=,0.9970291987324580
QXdDYjhJb005aWZocE5UZVGoqQ1UQnobbi64x43EgBI=,1.0027161611589000
QXBxUG5iUXVDWHM4QlJ6STpsBIIS524WOOrbdjEL+7Y=,0.9984438660027160
QXBoUkphME9kdzd1a045WdIZtUY/xCnZkeDIkzfwzAk=,1.0048381620642800
QWRIaEZuTHdKWWlFeDFvY2FqgLAO0fqaJzT+UTEpIk0=,1.0049796287913100
QWlEM242eEo3b1U1d2pPTL0XtLBfhQx+qbFW0qCfoE8=,1.0007639203259400
QWJwdXpuR3Yxa1VpaFJWTUm0h0j2r+Uh15Fa5b8Cf7M=,0.994907197827071
QWJFTHRHUEhjQkY5M2lrMQe6eTFOlnQ2nEE63YUJDqE=,0.9972838388411050
QWE3aUVSZ1pLQ2swNFBOdCXxTXPOcv+Etjv/3sNCmpw=,0.9996887732005430
QVRLMk9iNXQ4aG9ySEkzUg+dyIgMXVCk4UsYVpjKQOk=,0.9963784517881390
QVM2WmUwaHZMSmZjRDgzQna7rBvbHobc1XK/YkQTOC0=,0.9977365323675870
QVhUS1NkZ0M0cEhROUVlNuuY9RiBNUpCMeUjw7FBbGQ=,1.0026878678134900
QVFvUEphejhsVFUzNW4wa3/iHZG+0oAL4hLs1qDy4pU=,1.001584427342690
QVFDUElldm11VGM2SmtwN3yr2QmxoqHnKFMc4jBw0gg=,0.9993209597102760
QVF3ZGNrVFZnMTNCOTdETkhFB8s45xD7tYd89DjuinU=,0.9964067451335450
QUV1SEI1TGgwWXhJeUs2eqkaf3nNfnYrkZ7Ygn2IhSI=,1.0026029877772700
QUU0OU9JOHN0eXI3Zk54RhJkjceQIUjhGogWwJhHSdc=,0.9987267994567680
QUpMckY0Yk9ObWwxWjlJWegREthbjeW9J1k/rYbgUX0=,0.9972838388411050
QUlLTmNybDRPUDlXYkJIeVN7UduFkju8R52ZkS3vIQQ=,0.9980477591670440
QUd5aWUySk9TM2dqRXpNTt/+ul7IbPoQfmTZS07Mn74=,0.9978779990946130
QTV5bGdWUXhLUkg5ckZwNqCBmA2zfdDcA3QWgckXT8Q=,1.0020937075599800
QTJnbURSR0hVOTc1OG9yM9DzCLpX4ZGUqTCEigCNpZU=,0.9999717066545950
QTBacmVKUEt5Ymo3a1V0TWXCMbblJU15hEdkmte8llw=,0.9981609325486650
QnU2Q2hBSkRZTWZSM1pYS37xWX6ysCR+HY0vNnUDwts=,1.0012166138524200
QnR2Uk1MUWhrbEhlbWlmNeBe9NttqBSZ3V+XEsfTHe0=,0.9991794929832500
Qno5eXBIWDBuN1ZUUEdTZn7ujsEe5sC/r1gde7AkCzk=,0.994907197827071
QnlodWNrdEhNeFFqRjZkd8Yy4aphIibBTtw8Z/1nlgM=,0.9964633318243550
QnJUcDNSeHFqMG8yNFg5SlYQmgAsL9UQpt2DEMOe3/M=,1.0045552286102300
QmpLTlN3Z2x1WFRpbkd2ViWe/0gEhzpU7Ftfo2BazXA=,0.9953315980081490
QmJBd1huWWdlN1dIeUdkelxVKAt0TkKPxBDuk0KmUaQ=,0.9996887732005430
QmJ5bDJTWXhEdTdQNkVRWPT+hoUzHWTQwYF8JIDi8Oo=,0.9971423721140790
Qm81MnBDZEtPdFBTZndyVRPyZv2CixmHloUMsTcaXgw=,1.0024898143956500
QlY1SzJMM21sWW5aaWJJcoW9hrzI9DhcjQnjd0iYK8E=,0.9996887732005430
QlNPa0tzUHI4Q3lsRGZKTX1l8UXKr0VMql9LTfP9Fxo=,1.0
Qlk1bk1SSUpMMlF4MWZPdXc19h4qzmEDkl4lc1Xrq3Y=,0.9956145314622000
QlI0bGUyRWl4V3IzVHNwVSMShzPJuS2aYC6XEMMUQEI=,1.0019522408329600
QkNaRU00M2RlbThRVHlIYwgy5zHi3RO7U34jlGeF5gs=,0.9947657311000450
QkN0SDl6VVNRNW1zd05jRgh/t0HIxdtaGMNlMfcP4jc=,0.9999717066545950
QkFyZHZwWUtYd2NKa3pDMmw8qBNZyFVIhZuVp4K7E7o=,1.003197148030780
QjZQS3RqWko0RVJibXpvSZqcvYgGgOuxLhQKpowy5as=,1.0029708012675400
Qjl3RElMTWU0ekZWQXNFbLhOGTwV7cQizlk2NEWL5Gw=,0.998076052512449
QjJGZHg1dEx2UUllVlU4MZRLuiolAOWfS7rPUXX7PKA=,0.9983872793119060
QjJBYTZ5Y1lkWG1FYnRLTyk00mSb9LtiB/oVmZGlNHA=,0.9962369850611140
Q3NIOVFieHJoRDA0WVV1Zwq6lCdxXuIhdoLeXcbOTd4=,0.9961238116794930
Q3djTER2WkEzMkVzcjlQaaOApMJHRTY2pbMu08pAq9Q=,0.9961238116794930
Q2taNUppNk90V3h2TDJZYlsC8NilOqriXnsRs9IZd/Q=,1.0013580805794500
Q2N2MFdwS3FCTGpIMVZJNHyT+WnkVWRb1L94rWs+Rm0=,0.9996887732005430
Q2h0UUZzRVdHOXFLTUxVU7d9rmLCvw/fM4NDK2I9u5s=,0.9966330918967860
Q2FMcEpQb25abE9jc2lOcZnWZerp2j8GJYMFvx+k2fo=,0.9996887732005430
Q2FITDlSVTYyd0ZyNDdpaEch9V4mMc1Wd277k9CYa6s=,1.0044986419194200
Q1ZyYUJXWVJuTWtVakxxeLtW10NKHyTXzEejcdO6/10=,0.9953598913535540
Q1Jwc0FIckVKeEZXcW5jbyiAwFq6dfPMf6m5+2tdviU=,0.9988965595291990
Q0VPVGdKWVg5TDJNbTRLVze6GiN98jvjpaPKRpaDuuU=,1.001244907197830
Q0tQa2dIZnVMd1VsRTRvMJTgEL+UTjKf6pYu2FgyMFA=,0.9994907197827070
Q0c1SVIwSHFFRmw4V3Z5SnSx9fTTv7jDQ7F7iFrlzC8=,1.0020937075599800
Q05URkJ2c0dqbmJLTFFvSUovSZP3IyDApjE6LHOl73k=,1.0019522408329600
Q05SRGluTHBVbFQxQUowT65QbpLeaY1WO6EqWXlX9LM=,0.9961238116794930
OXVZajZpZGhjcnRiZlRES6Gq5SmnQApuC4zesVWXdqc=,0.9985287460389320
OXVGdkRZZE94cVBhMlRSdBTyCoFpUzeA3Ur968atOCk=,1.0001131733816200
OXpqYmZGWFJlbE1RYWdoTkel8A1eHeUZq4Ef+OaLXE8=,1.0008205070167500
OWZybnQwVm96TWNLUnNJMcoy0OeUpkgKzCZvOlj+sBA=,1.0025746944318700
OW4wTEJnTlRpN3JHVTNmTwklHjwTVpJsGPRxmqJZaGY=,0.9998019465821640
OVR5T25TcVJIbTNHamNQQXQjRy7bczbfXifOjGu10IA=,0.9988965595291990
OVhPM3FhaWRUTFdOcHdDOAUAZiYL2V855fABVy2IQ/U=,1.0012166138524200
OVE1NFZGWk5NeG5nalhDdYyZ25btmcXOJ+u0zuNrHOM=,1.0024332277048400
OVdMODN1Z1JPZUh0bVpZdpmSQ/9IZ5tulV5laMCCKmo=,1.0007639203259400
OUZmTVJiSjd2QkVIZW96MAG3y+7kDVmhXAy2K5c48M8=,0.9958974649162520
OUw3bUNWU0czWFJCYWw2cDRQJjsNfJwzAJtjdVyI3HQ=,0.9976516523313720
OUFqbVZzWTBJS2lEdTRTZ1wVcZI1htYSL9Z0xvFXBFA=,0.9996887732005430
OU1DUmhFSGFjREZKM0l5dwh5eU6Af2jF5cbofc3jWI4=,1.0028859212313300
OTZVUXhtdEplR0JYYldnMJ8HTRCfn3pvDrsNBYiCQ7U=,0.9961238116794930
OTdIU2hsdVlkUFJ3QkZOa2NQQJvj4ZrejJRcoApGuUQ=,0.9956994114984160
OHREUHdIZ3FGMTJyZmthVh919b6Iz5geyr/TeZYvvp0=,0.9996887732005430
OHJ6UllEaVdnb1hxaEF1TYFbhBEIvi4b+JOlNjooOQo=,0.9985287460389320
OHJ3bFpjbWtvVWJGOW5PUdubJIsIaK4KsfKbHsikNSI=,0.9960106382978720
OHBQRTJkSFJRTmdBOUkxNeROpgBiBqFXKjAp19xPMSM=,1.00350837483024
OGtYSkRNNTBBS1N3NHFkObVU/o4F0Ut4Qtp1P4l68zg=,0.9953598913535540
OGl2TlYwRll6VU9JeVdNSAs/wxOVHnIKwQ0Q5lpSTKM=,0.9993775464010860
OGFCRGpMZFNwSW1GaHVWeCKADl7/1Odp3DRzsGha7jI=,1.0019522408329600
OGF1SVhFM3hqSGdWd1pXcB4U+7TLTavb66Uw3di52qg=,0.9981326392032590
OG80VjZXSkJYbWlQZHFDdE3Gt4/O4+uCSk1cn6VcZsQ=,0.9996887732005430
OFZzcTFvZWpOUlE2WFVQTzcVlXOMxt/G3G95TJSrDXI=,1.0005941602535100
OFFzd0UwdkNiQXhZVDVjT4Y3wM5YeoFtr7znbr6Ylso=,0.9991511996378450
OFFFTU5INEo2dldnbGt0ef8/l+9MC8OB9TfhI1gUgJk=,0.9974818922589410
OEo3em54T05FZXF5RDMxQaq4wzbcjh/ProKjo+YfIYk=,0.9958691715708470
OElSMUhzeU12dWQzVmw2ZjwwRQKoIAjU+S6q/nIm2Bs=,0.9957559981892260
OEhXYnZQdGg0ZWFFNlpDTZK6VwRd9DAz3M9R/C2yXMw=,1.0027727478497100
OEhRWkdpbjFQYkpzWFdvbfznI1uPoM8Fi1r6kl+BFgc=,0.9987833861475780
OEFqN0JyWmdsYzZ0R1gxd0YJnlYKQeDWpMSIWvLBb/M=,0.9996887732005430
ODZmeTVHcmhia1FGYUx3Q4gzdYTX5+omy9LB5tP1Am8=,0.9953598913535540
ODVLVG5JWnZ3bDNrZllNMrSshgT3wZC8veeVUEM67jo=,1.0020088275237700
ODJraEJKcUZwdlA0dDYwUr2GIRlA50A8muCddbOTzks=,0.9980477591670440
ODBHQll6NWNMbzJRSDNrbX1p/38YGzaA9TkC0jV8FjQ=,1.0011883205070200
ODBEb1FVanBURmh1N3dJNDaso23Ss2xsZ8Z2Ext84G8=,0.9988116794929830
NzNqSURuOENKbXQxeFBpNYn1uRy5Vhs0RjGThCfwEws=,1.001075147125400
NzJ5Qm9iY3FsSVR0ZTZES3K+Zzd/UJB6+nrQ8vll6tY=,0.9966047985513810
NXZFTzhadG1NdWdWclB3aCol9m8ADhck6h7irxaLnrA=,0.9953315980081490
NXkxMGFSczZkQWc0OXFwRIbR33f4wHE4GL4Ol2XuQHE=,0.9979911724762340
NXg3dkJvTFJ6aUZIZjZhWZlGwmHiWPaIZ2HFa7ea0zw=,0.9996887732005430
NXdhZERKM01TTlY5VUhwUCnvGuAvnJ3vO4UDSrWTU4A=,0.9996887732005430
NWpVYmtPUVJxN3JXOGNaQwmeF3GK3Lr9RuISag4ORA4=,0.9951618379357180
NWhYa1BFYUZxYld2MFN0TPk2YtwISLAjiZZGGnK0wpY=,1.0014995473064700
NWdCcWVvMDNZVVR1NzR4WEgDgODJpw+1iLnH9jPSROE=,0.9999717066545950
NW1QSFIxWUlxY2syV3NHMzIrVddh5tMB06WQRT/+oNk=,0.997708239022182
NUxGMkdFSm1qUnhEQm5ZeQdFouzZ695y2MOc2hDXGek=,0.9981609325486650
NURXdktPRWRSQlB5VFpIZvCzFqLMNq+7bupscSKmQEM=,0.9996887732005430
NURveHRiNmtJUjdHOTNxc6xbtwj4TiyHTnetp7rt3Ng=,1.0036781349026700
NUJoTGsyUGwxb0NPWXFWSOsY0sOD141ACtWHQ2dLUYs=,0.9996887732005430
NU9WUXdGWmxqWE1vRE5kS0aa6TbZ16A7nLBTQh6dQCY=,1.00175418741512
NU5SMGxQOWtBUTN3N1R2bf1faz9e+DmrwBxE3ytnckU=,0.9976516523313720
NU0zZ1QwbzRVTGRjVjFJN5gr9sJ8w9K6dnvHX60bgJk=,0.9962652784065190
NTljaFJYNmZ2SGttc0o3Vh4zELAai8DkKmwTdlu0hgI=,0.9951335445903120
NTk4SE13YnNVMklYcGFrY0gWhAl9TI0fILWLeFclTfM=,1.0028859212313300
NThPMGtaWVBYdXp3NDk2VNagXxlgpS8Zp24aBnLZNy8=,1.0003961068356700
NThlazduTDNRQ1kyNm9WNM0eesRDWZDmTYDeFqIfXIs=,0.9954447713897690
NTgyd2xTZFBYN29ueWpwSP8LyMbJ3eoUivUADLn2j+c=,1.001386373924850
NTFvdzNaOWxza3RJRjJQbuXo0IFYivSLJyeYl8Xr9/s=,1.0046401086464500
NnVrUTVGU1JZOW1nWFBUOAv4DGhgMr15x43D0S5jSz0=,0.9999717066545950
NnlDT1MxczhVUXZoRk1xafOSvGxHaxIeUATFdwlkkfs=,0.9996887732005430
NnJHMkEwY25EamthOXZoQiW4dndCc0/w6yXuO0T9zuE=,1.0018956541421500
NnFyWkpsSzBlTGd2NzF5dGghjRFdb6rAc0seWatnnG0=,1.0006224535989100
NmI0VVdQQ2EzajFIZkVKdoObxQaPQ/G4a8lrN7S1LK8=,0.9961238116794930
Nmh3UE5WVWRDOTFrQmFYYiFVsjRiR9WXXjJMVozF7t0=,1.0012166138524200
NmFWR0xpQ2hxN2xVWG91Tq77iKHX2IOJyTlza9DXH9M=,1.001386373924850
Nm11R1FwZ2RzUkZqVENMOKMuMBVYYn9vgtRvFcm9Ork=,0.9996887732005430
NllselVDV3BWUmZFSHlxUeyP9iPNr9tmEhBR7nlW9O0=,0.9975667722951560
NlFHOUZyMFdhTjNUbVVoNcQeKJrORG2PtHzoD+IYt0M=,0.9954447713897690
NlBMU2t1bjVtMGY5bHJRaLdjQRpyOzNgEJT8sA+52YY=,0.9959823449524670
NlBDRHFJSFhaak53VGZrZVcxGG0nREx7hjxf3b+OF8Q=,1.003197148030780
NkVRS01QQ1NERnZXdFZoaxbxoZfhFG/7az0WUPiXVE8=,1.0023483476686300
NkRNd21Za045UGdXQzJYc2GrU/cvXw6Q5QT+ZYHuPVw=,0.9955013580805800
NjRNOHkzblFURmpCYUtaVboPrfOf55dGaEgKnph18dM=,0.9952750113173380
NHJxdkRMU0k4aVBmZzNISsPONZjuLP892V1VYaKliOQ=,0.9980477591670440
NGYwUVdHWURhWnFDZTE5VQ17/bz/KVV9zTFIWuSgh7U=,1.001923947487550
NGNXOXBlQzcySk1TdU9mbLmr+2fCstfYqToV0aXJGSE=,0.9996887732005430
NFNzMGRRVzlaQXFCRW5MWIl0fVdo7f6oIOMxvOwMbo0=,0.9982741059302850
NEtJVE9zVkgxU3hXa2p5eptZFDyCFGMPG6YrO0odbD8=,0.9996038931643280
NENkbnNHa2VyOGowUnpKVNc87vZPZkqy6yY4DwS4UMM=,0.9953598913535540
NE1lU0ZkYW9ES1laR1VtdDK+gavvBaaRzK8YJFeS4lc=,0.9996887732005430
NE1hR05qVlF2VEtFMDFoU5//yJb5pUGjo2XhrhFpQ5I=,0.9997170665459480
NDEybERYYm9pZmh3a2pwQSg4J6I6R+Xv1sz+cw2+zLc=,0.9978779990946130
N3M4dUxkclhiUll2RTZqSvQqsLv7Mgzv16YbwJlZBHw=,1.0039044816659100
N3lpQ3JPMTNvc0ZncEowZXWVBFwti6LCWoxXhUPsdpU=,0.9961238116794930
N3g2clNJdUFpbktEYjh0MgbXdnEnVINKfb0byK9BKz4=,0.9995190131281120
N2szeU9UOVVheEJ6ZEVSWRdqgOz2TEn2f8n2mP/fmlQ=,0.9996887732005430
N2RpTUNuZ0VZclU2bUhSWKFnfejd/d+bEOP3D7CMbY4=,1.0043571751923900
N2RMVmcxcG1aSjl2SEJxcv9aTZHNpR39wqw9k7Q25MM=,1.0002829334540500
N2lVYnZaR0ZsZXJNOHR6UGKgz1DO+vRaYA4++HnTIpI=,0.9999717066545950
N2l6SmQyWnVvRzBsNXE5SWi6sQPua+6qnsP8ZGas/rs=,0.994907197827071
N2FKWGhZMFRsRnlJM0J3elk1J+/WfhOVGB3qdEqXjlo=,0.9994058397464920
N25XdkFNd2pKcGRtZVY0YQcUuzHBXE6f1d5Hj4bWGoU=,0.9996887732005430
N1F5TGN2bjE2NFd0VUJwaofUwEwrA/f/dBqABr8umL0=,0.9953315980081490
N0xoMm9na0tQcmxkWllOVvS0hKSc+9jsZHB/SO7kqD4=,0.9965765052059760
N0x4RVdvRlVuUkhyTlRtUAGF2CJ1ITi1Ms5YTJUPOTQ=,0.9999717066545950
N0VVS2phODliY1pKR1c1ToerkJER0eXO2cOFX3/hlC4=,1.0031405613399700
N0oyT0hOVXd6bW91dHNJRCLnozmNT5wyIAvjC1YXaos=,0.9998585332729740
N0o0M2k2TXBvbmJCdkNTWvPxo11gZeGzS2v7jPn2RSE=,0.9965482118605700
N0NNazF5SjZPWlQ0YkFlZ3PwDn5YeTqYKXdfIGEKy9Y=,0.9996887732005430
N09NSkNhVHhIenlpZDVEUD2BmVSpa9aLU/gqFhfPLY4=,1.0012732005432300
MzY5ckFZT3VjRkQ3dmJneS3afwLdIxF33jvsbVZGc4s=,0.9953598913535540
MzQ2dWFGWXFOT1pIcjJqVYExWMbsiU0X3Gcq8imhs00=,1.000339520144860
MzEwOXBCTG9NWGZ0UTVONBgWF8aKiQIveHS3sG8/FwE=,0.9978779990946130
MXpWSVAzV2c5a2FZTHBIcqzp7mf3ADlzne+jf3IEEjA=,0.9967745586238120
MXdUalNlTXZQQUJpSWJwaGeKEc1DiQ/hwxSLTegRowk=,0.9959823449524670
MWVmazJtWTd6eGxCZFNqT3XUB3wqSt2ZBy/Lj5lyLCI=,1.0028859212313300
MWJsVUJ4cnk0aUx1R05wV++3Tw8HEjtYLfHJKgiaQWs=,0.9984721593481210
MW9qR3ZDeUs3VkVXeDRGUNzPVhJ0DxeKqV3E1u8qvtM=,1.0025464010864600
MUxNZElOdEJqNzZSRTRvcjzIs7BbqKQwFfX+0euVkVE=,0.9953315980081490
MUlqUXVtVnFaM1JPN1d2YY/Eac5Yl93LHMhfVlGxBvA=,0.9955013580805800
MUFTc1pnejVYVnY0cnRrV+9vAOSdT315yZclKsY2InM=,0.9988965595291990
MTZaU1VwUWM3SVk1TG5YbMumLTNxGhmadcNxKgGaGsQ=,1.0032254413761900
MTNINHNyNlJvV1RpY3FrR0nuAiS0W0L4kcbpwqTMnuM=,1.0048381620642800
MTN1ZURuWXk2MkdoOUk3NI5/sAnL/U/pDy9T99IxacE=,1.0050928021729300
MTlWbUxhVWdiaUFEY3VFWiLi+VxLHVC6b5kewfd/81U=,0.9972272521502940
MnlyRGRicWNpVUV0SDFvYTTak2EkQGwDI2T2C4oQQ6k=,0.99912290629244
MmxBNktjMW1pd29IR0xEWDgWGhDRLV2qNyMs+PR9Tsc=,1.0045269352648300
MmFGSFpralVkZ1Jzekw2NG7shxafoEEj9Jd/muKQtaE=,0.9967462652784070
MlVxZE5WaVJQNVNHMFFqRC09JkaxvVxZJsD8AgltD1M=,0.9969443186962430
MlJYc29yeDlWZ2hFREtGa9FVjFFm4qk6mxJV2oZ5M10=,0.9985004526935270
MlhqQ1ZtM0FmSndEWnpIYWS2uLPcntLbj7OkK8WA5aU=,1.0049796287913100
MlBqbUJncmRXVHFISjRTd+iuEq1wUAedVjnfUAGE6Nk=,1.0012732005432300
MkVEODZXZjFDRnptMEhndw83d1guRaIgyswl6Ao6Qz0=,1.0001697600724300
Mks3dHBHRmQ4aVlybVZVT+wUsRYHcGGM2EY26y5Z4xQ=,1.0000282933454100
Mk9tTlh6WlNwTGtqN2Q5YpE2mKdV5EuT0ILf423FDHE=,0.9959823449524670
MjhWR0RvcGdGMGhZY0g2dajcW4rUWWw5IZEV1685H8s=,0.994907197827071
MjFuenZsaUlIS3lYZ0pHaNry3ILvzIeJubtrXJTC3hk=,0.9967745586238120
MHRNZG9RcGNFZ0I2azdiUySntOTqfuxXKaNrz/1Ub1o=,1.004215708465370
MHpaZEQ1dDlvVmdLM0lHZXCa2DMRnLChBa4ToO2Nhq8=,1.0024049343594400
MHlYamlRN0hzSVU0YTZtTP73QgxlswDXLFzBtRmtGqI=,0.9988965595291990
MHdOV0tRRURmVHo0T0ZzOOHc9u278ynAK9/JRGGUTh4=,0.9948223177908560
MGtMdG95ZGZWTXhsdVM3SnuV8J213AwfDnx0ZIFHl6I=,0.9949354911724760
MGRxUTZNbTJQZjRWTkdMZ7Q6u9RYpfQEFMVUFEpuV+c=,0.9962935717519240
MGM5N0ExUjhDTEt4aUU0evvRvwYW61NETGlgqMQFi4M=,0.9992360796740610
MGJ0VUtPTW5pYWt1Qkd2Ra6snCWFOJ3p4aRrw+zhoUE=,0.9967745586238120
MG1Rdk1sU0xOZGJ4Vzg2eTiujTRPql9GGmYx5/w2FXE=,0.9990380262562250
MFRvMmZDZ21YczVsU0ZaWfV1t6PXX+ZPY1ZZPDFQ0M0=,0.9973121321865100
MFhaVnRGeklnMmJDM3JBOA71LzxWifBM86FAIQ4BdUE=,1.0002829334540500
MEtPRTRUcEZ4TThRZWF2WA6P8mSoV42fyui/Yg5QYYI=,0.9999717066545950
MDRXWnVBaXhPYWRJRnpzSxQSktPlC7iOY2IQuleHH6I=,0.994907197827071
MDJscDN6RkU3U1A4Z2Rjaodr37J8SweAmEuGPUAHN9o=,1.0050362154821200
M3ZpZGE0UXRTY0N1a0pLN2CyfQBYi95rlM/mGrCkFY0=,0.9953598913535540
M3JYOVZxV0hhQm91NEswaFXqcGJFQJt+3zSqlt73fmo=,0.9961238116794930
M3JFMWVnNE1ZQXlzYkpHSz1b7MjvaOvXd1o0H4a+dBM=,0.9953315980081490
M3dJYjcxR3owSGFkeGdSUOD9liOWg19JoT5vl72FZQw=,0.9996604798551380
M2h0MVppbHoyZHdwTG1uajAmhY1poITVnn4FEh4PiRw=,0.9996887732005430
M25nWU1UVUF5RHROc3drdoeM/KNWLyffIgy5JPQHeKk=,0.9978779990946130
M21sb0VBaEZLT0Q4dlU0efOymT1K9dRuCdTYUt17V/w=,0.9981609325486650
M1JHMHhkeWlZZnJ6N01objC3E5eNJCB8DbIUbwPy/qQ=,1.0000282933454100
M1dyQXB1OUZtNEpNaE5iWcovkHOs4gcR3kGXY4xfyvo=,0.9981609325486650
M0NLYVNZWjBjeTd1ZlBBUlngURLdbSgtBJeiqYUNosY=,0.994907197827071
M0E4UFFiUkU0emNkOVlHbBAR9AAPSU6QvT49pfCItDo=,0.9996887732005430
M0dDbHlMUTY5SzV0ZTBvQb9h8YABlnerdSpsViBIYVU=,0.9959823449524670
eXptY09xblppRjBmWWxWZH0vZd13CTUTkscChhwy2Ag=,0.9949354911724760
eXFGaGF3UklWREpBajc0UZS7o0MljafoqaMDYGjof6c=,0.9953033046627430
eXdXUmZNSUR6cGxBU2VVbQ1RTjDEt0rdbvkxJ9yEzi4=,0.9996887732005430
eWQ4V3NlcmpTRFFCcUZhSnZzKQdxBOzpvXeqOExOHvw=,1.0011317338162100
eWo0ZTJaUzlIRmxtS0RSNTe4fYnsyKLoYarezHugkSQ=,1.0032820280670000
eWNOZUJSVXFaVjlyb0xHMvL1YkM2SUn6FkwB+kZIihM=,0.9959823449524670
eWJrZnVLQUVRSnE4SWkzVvlipuldGh/2223yEdDxCjI=,0.9988116794929830
eVZzZ0hUWTJpZDBXcVpscsOYYSvTWTjmziVg7cVELdo=,1.0014995473064700
eVZRT1A0cWlVTUlLbDVkWOohpBmnaA4xoSiOqGmv2NM=,0.9996887732005430
eVRhRElTaHhmb0pBM2dqcc6kqNo4LQk/+QGE+ZmW4rs=,1.0034234947940200
eVNsUGIyQWhWYWtpdjlnVOtlQSc/l0+4t4Bpalq1uYM=,0.9961238116794930
eVIxbU8yZXc5TllGSXp4SMg8KCtGkwQUbZCMCJKkSR4=,0.9999717066545950
eVdxUzg5dUhPQWZDUllUTudZLxjd79VQkJphbyLSy2o=,0.9972838388411050
eUJyVVFOVHRudXE5UndoZ1oZLMgXgAd+Hw9YAZoMU6U=,0.9996887732005430
eUFVakVjUUxoMERlZldud6yqfrM4lU5SqHqMuCjv4qk=,0.9947374377546400
eUFEZWE3bDQyc2tKSGNkOQmwu5PrPL3nn3DEP57Ew8c=,0.9993775464010860
eUduQXA2a0gxMlR3elFadnGKY1RqcnlopVcH+2JtGws=,0.9951052512449070
eU9nNVVYUEZRVjJjZjlvWR5weDhljnbtdLA+mQjdiQ4=,1.0014429606156600
eU5Zbk9zSlNDdjZHbXE3aDiTUiWHTRdapRjoSNTcOB0=,1.0023766410140300
eU5mckRkMFZBVGNvWXRhUIdKueb/TgOEwV7WlJg4Q0E=,0.9972272521502940
eU1VbWJZelF4RkdxdndnOcypAlp36XSvVWIbw9V+URE=,1.0014995473064700
eTZmOTdrVVFidXAxWndZMjWfVVNrXWYfOWyzbAz6leM=,0.9996887732005430
eThuYUlKMGZNTmwyRW9tanAAwbluxdPYaEvb/Jqd164=,0.9960672249886830
enNwTlhiRVZvZ1REdjJ0M7+RvxILEKLqCPVe6hmsorY=,0.9981609325486650
enh2dWc5Q3lKSWF3U1hEV+/abiID/K7yVOPVBygGuVA=,0.994709144409235
enFPQkh1MjhDbzNYTkpSaPUNwYeUYAPoFTycmmFLs78=,0.996831145314622
endjOU4wQnR4cE9LMzdabGrBw0Q1qGC7AU9l3GNJ39s=,0.9996887732005430
enBMUTZxR1I0b3dFa3VNQgWtG0vsXSAk8ohZ9IP1cfM=,0.9996887732005430
em9KZnE3NHlMYlhqaFlQWpIlwIhZLFroR/FJ+iX8ydY=,0.9976516523313720
elVuNzlCSTRtaGFwRWxTZ5+4CTEisrRPBxJ2bYauUSc=,0.9961238116794930
elR5RjhKTWk5QVZPcjdRRX3fIcCUXaN2qTqg/7IOFtA=,0.9992077863286560
elpKN0xST1c2bWppclh4OJv0FtQJS+3ZfnWNxvvweAw=,0.994907197827071
elhuU0xkOFBxa2Z2UkJiTVckneGlvcZruZVaT0meiFc=,1.0025464010864600
eldtNGxLaENBY1hMWTdHMDSnX+JzT5j5KOeD5A5r/fU=,0.9978779990946130
ekZqb1B4djhPTW1CY2kza5NJouW3GopRyZ59e58s3p8=,0.9947657311000450
ekRtME5UbnRjRWlhM2xMONF9Myv3HYAgG5jLnfBI4Dk=,1.000707333635130
ekk3ckRsMjVMTkJKOEZaZDwpADBuMRz9KxhizMxFOUA=,0.9976516523313720
ekgzb0tmc1RBRG5MZ2VCecGpq8lSxU3G5YGToTn5nKs=,0.9953598913535540
ejY3bjJJVjFEYk5IWWprcik08sxw84A+G4GRJjRn9Eo=,0.9960955183340880
ejl2ODBQeWNvakJPTXVyVP13U/XE10G+jSlm4eez6zQ=,1.0050928021729300
ejhLblhVWUR0UXJncFRzOagEKpoSNvtikOJrdO0OFG4=,0.9953315980081490
ejF0WkdPOEhvTGYzVkRGWBcZwgmqFw6MfiP3j6c1S7Q=,0.9947940244454500
ejBsWWh5VVRBZEMybVB3MVWD0XTp2CrlSmpE0tA0nTU=,1.001386373924850
eHZZcGtsdUQxdEw5ZFhRaunqQZQd+A2WQkdWAePkFbA=,1.0050079221367100
eHQxRkxtZ2NWVEl6V2ZaZYgZE6fgW/wtCGMUzgCp/bo=,1.0036498415572700
eHlwUmViVDJqaEduc0VTMFD22unT/M4OmtsFZwGUot0=,0.994907197827071
eHJCNm5kWU1HWm9wYldGOXGzz+LZhhqAfe+A7DlXoQk=,0.9980194658216390
eHFXSWhyTTFpNEF1UWF3cz/LR6QAJhp1Vt6I8alH+3U=,1.0037630149388900
eHBGclBWS2tqUXVjN2JHbKniauXo00f2+2hfyfwiaew=,0.9996887732005430
eGZlSkl6dGFxYjVSQWlqY/yKEdCT2RWOYuBi/VSpgEE=,0.99912290629244
eGpNNXp0ZlBLRnY5QzZUcVmt9hUmjF5TBitj+jcbWUc=,1.0016410140335000
eGluUllvaDYxQzN1a09mMsEEyHZSaDMluWJ6ewaYuuw=,1.0020937075599800
eGk0NUdJNmVYaFFwWVpqcpS6RWvnQYiR8u+MtUZJziw=,0.9996887732005430
eG9ESmxnZHFWMUVBR1cyWZ/+sNPN0/+o0UwPGRTbN4k=,0.9959823449524670
eFRNYjJ3QVE4ZWNSV0VsZyA/Z1UgB1ON/W9qXCCVpVM=,0.9996887732005430
eFl1U012TGJocHM1d2tkeVIY/s92xPht0Sz2h8aGn+0=,1.0038196016297000
eFFxR3NVU0FKUmt6YWRsQq8aky3JK3VMqsU9rf36jps=,0.9988965595291990
eFdONUVhUk1odUNpVFpWc/2eZqL4T1SnWqZHabwQBV0=,0.9950486645540970
eEx3eklyUVVOZ0V2cDJxVtLev4o2yd+Iores8CaJMkA=,0.99824581258488
eEtsM0lRSk5jdUZiMlI1asltWdPgYoPaEp1eYwhWz5Y=,1.0035649615210500
eDNxQVpqVDZlaGFrNTd0UEKUd+i8EXp+JznkefPx8hk=,0.9967745586238120
eDJQU0QxYkl3OVE4ZUFqaQqZ89C728NSnAlnKaUbb10=,1.0019522408329600
eDc2TUUyZTN5R3NsQmltWV3L7h5DjJCsQjywZKI6tT0=,0.9953598913535540
dzNaV05IWG9nSWt2aGJwVEn6/nmKrBJssglKlmrwbqQ=,1.001046853779990
dzJpdGtGSTFSemR2TXFyb14lj1wDVMrZdN3KVzEbt3c=,1.0048381620642800
dzFGSWJqR0N1b0UwYTJja1RHAPtGMGV5x88KO0/DUaw=,1.0023200543232200
dXN4MURpSWxXZGdLYm5BNPLGOOz8JzF/wcstOQCkjos=,1.000198053417840
dXIzVE1TTnhoN3lCQ0l3OE659xDE22Igb7ztm7quMLI=,1.0037913082842900
dWZhc29KY0JHdHdrMXgybTcQpm1jl6vKq3zkz95M8Vs=,0.9983023992756900
dWVMaER2STVGZFU4S01ZUnT3w1s2rzEd56Sgph7LLF0=,0.9978779990946130
dWRvbm1NYUtOdkhjSjk1Mgauc3lRGht+IoBJFKLVsvM=,0.9996887732005430
dWNYakd5OURRZTV0d0xzM3Yr+Vu6zGuLjSs4vOuJdzM=,0.9983589859665010
dVZxczI4N1V4SDVrY0NSM/UTfSTfnySQcdC6ieSCGHQ=,0.9967179719330010
dVZaTEh2d3h0Qk1Hemg4M3oPGdLR9Q9eDN1ZO7eW49A=,0.994907197827071
dVVPSFFzSWFDb3IxNlBZTPEtecy8JeM9NoIaw1Yiy24=,0.9996887732005430
dVpXTjlBVmZzZ1FidHk0OBqvK3ePKNTC7br14Q9IzU0=,0.9988965595291990
dVh4ZE52MHpieUhFcGZTZR7h4nD9TymWPTvPhHVcG+g=,0.9966613852421910
dUJzV3JrcDdseTFBVlo1WYuMBgcEbPKl6LIm4aVLsos=,0.9996887732005430
dUhZYjZOSUxtM3B6MnhBWoAbggYWHp3Hz4j9fLNkRxc=,0.9961521050248980
dUFTNmRJbkJFS3BvVkhrTio29RUPGYKp/VSoA2tClVw=,1.0000282933454100
dUdKWnJZUDJPN2FTUlhDYxUqccNSpfsPqSm/9cJSTgc=,1.0007639203259400
dTBZa3BoRHpYc0ZHVGRQWiSaFQQpI+N73ldagsj5pgE=,0.9996887732005430
dnpHTDRwOTFvc0NIS1lNUcmfvQvDrHkiXOtGE51Gqe0=,0.9998019465821640
dnFGY3JXUjlLaFVJeUhETRWte93HuiJAeisnpTjSgrM=,0.9971140787686740
dndoeWFLek9yNEhFbVl4dfBEHP8I5uG0tf2nyolZnRw=,0.9972838388411050
dncxM3lHMDlEZVlCSEZMSW88eadvK8+Ga0yMCyECAv0=,0.9978779990946130
dmF6VWZ1eEVGaUk5TUxId+IEjOWoDU5sIamnD0jMqog=,1.0019522408329600
dmc5Q0Z0TnJ1UktWZnFISs/JsNqQ0bF2G6IAgkcke14=,1.0048381620642800
dlY3UkRHdTBGM0E2TnE0TIbBPpXDKRxuAo6iizQmpRs=,0.9981609325486650
dlY2alVhd2dQMFpoM1JDdfjo7+sy5EG/dw73krAS7MI=,0.9988116794929830
dks2ZjVPWjBDQTltM0xrSnR0vMWX0BmW7qVmTQ4JIQI=,1.0010185604345900
dkNlSlBmdGMyR295TGExTtk4Ux240LQuXyIEMzz9giQ=,1.003847894975100
dkNkdzJQS1RsR1ZiRGpxTGmC3BXJMW/nR3CS9h1LGzY=,1.0004244001810800
dklTenlkdDVBYjNHdUs2VUPu96Gho2Bt/fIoCi7HRz8=,1.0050928021729300
dkJESWE0Q3JwVG9mTnlKV65uwZ7fDTW66G9NoDAzGj4=,1.0048381620642800
dkFjR1dvcEVYQkpaS2VOT1DyyMIMcJwPkJimLBr+70U=,1.0029708012675400
djJwNzZJRXNHMFdoT3VRUpK8wAd84yS2vZwjOmsFUtg=,0.9987833861475780
djh4cWNBZVBqOW51SUYyTeRzyHOVNudkBWs5PQgsXOc=,0.997000905387053
dHpmcVpnaVdVd3hzeTlCS8TAsOMD320lJnoDxvGupS4=,0.9961238116794930
dHNEODRDdUdmMTdlbFprQgxagbNg1j45SSxeU+b7/Rk=,0.9976516523313720
dGxFYnhSb2Q1UUluWDNlcbHUCIGwAsn9h9M7ACK6wzQ=,1.0007922136713400
dFlTREpmeUJGeklwQ2NOTO1ohefPnVXt+NYdQye6aZ4=,1.0016693073789000
dFFkN0tUSWZneXFjTkJpWG6e9GwO7q4OxuwmU87vA1I=,1.0026312811226800
dFdjWEk1cGtRYVJQNGJPMKaOiII1XiEcJQPoMI1l3dY=,1.0048947487550900
dEtXekN3OTRGVXNTZzBycVRSMm2Sp3lRAjakMa2uLQI=,0.9993775464010860
dElKVXpPZEY1c1prTmJ1OU9V8WiTfRGSBjqRQKufplI=,1.004045948392940
dEdmaUh1WHJiWXNJS3g3T50/ZjYCxTjPUfxqXrWShWY=,1.0007639203259400
dE1SMGIzb21pRW5aSnVrcifxgPU9XluMDtgNZ2ojDYk=,1.0019522408329600
dDc0eUtZTmpWeDhzYzBaa1afGHcngeXQhi8RaB/OZME=,0.9988965595291990
d3NIZzRUazhkeEpCMU5ibFSxLC3L3ttoqCCCntNd4ew=,1.001414667270260
d3hyM1BtOEo5TU8ydmRmUun05mYlE3duhAhv3teWg8s=,1.0052908555907700
d2w3c0ZrMnp4cU1FWDNDQaMVDHOQHz5Ang6u3uRT5TE=,0.9981609325486650
d2NXUXZxbWhrZUZ5TEhaaWzm+IsUye/nFP9/4RvbhiM=,1.0050928021729300
d2lVcTdoNmRrVElGMkxXRd4d1qSucQtqaft8WdDccA0=,0.9989531462200090
d1VMU2gxUXBHdTNkZmpsZU5LQIxD73qruHR/lIVzm4w=,1.0028859212313300
d1ozczU0YThOUUtIa0JFbswxFSUmkUHem9cowHCGTek=,1.0053191489361700
d1FraU1MQ0FjbnVJSzFIcO83h4jw5w7dzMy7Cgvezdk=,1.000537573562700
d0pUbUQwUkhsaXA0aDhFU7p6dxxw3FRAT7HpadekVQY=,1.0004809868718900
d0lyajIzRnF0SHY3eVprbu83T4B1BMH5OZz4mbekLo4=,0.99912290629244
d096R1NhMVBBTDJRVkZxVYKx8FH6s1wpOeFABOZ+bt8=,1.0043005885015800
d010NGxSM0lDQjVVUVhxekBDz69afyxLIfTS0/gH1WM=,0.9963501584427340
czZLSGoxWmV0RWdNZG5mY9/7+dDpDOnMUoZlkIAUCro=,0.9954730647351740
czFid3RXa0V4cmZub2dEOeUB9xmsN+QCbAxodc53wtw=,0.994907197827071
czF4ZkdldUh2Y1pLVzhpTlEA+pYAF4wTWYf+ErGoUzQ=,0.9985287460389320
czdIdEVJanpNdzVSQm5LMBlXpyIzs/7P3BEaXguGIX8=,1.0000282933454100
cXYwZER6Nm1lMk80Q0dJWgRT/mwJ0xPvu0L30C5gtAg=,0.9999717066545950
cXRzRmw3Uk52VW14WjhhTDe2o3wiLAVBpZI9SRXtgdw=,0.9967745586238120
cWxEc0ZlN0k4Unk0VXVIZsFWv2ovsNU5vbj04x1biH4=,0.9964633318243550
cWNpekwxNGRBVTdPMnlCSYfekNQY7u8VfY4gcOjssAY=,0.9995473064735170
cWd6RVFpNGszdFJqS3VXc1bXkt736JnPeWH+8diWV8c=,1.0025181077410600
cVUyd0NkU2hIZ28zYWN2ddOfiu4vtvm95tURN+fB9YY=,0.9974253055681300
cVBnbHgxblc5UTBPVWlyNRfpE3GleyzySq5lB6e+mVQ=,0.9947657311000450
cUI5a1UybklzakpNZmNMQ5Wt2Im+V8IkgbOyBBagRUo=,1.0046401086464500
cU9XZjJtc1pKQjBSeVVWZ3P/pcobfJuvO1zdfI4aEMM=,1.0012166138524200
cTJpZm9DZWg2MGxkYXpHSRxeP18uRotNBXDziYEziAw=,1.0023766410140300
cTdDMnNVR2JWcGl6ODRSZ2ggnY6jD+R3RRM4MCH76Ng=,0.9981609325486650
cnFpWkV3c25vOHhNYTdBWB2SYlaSomf0ZJN61xtjC8s=,1.002801041195110
cmNGN3RMQXY5WVBEc0hHbTQDuUcIIK1I2alYF1OZ060=,0.9955296514259850
cmJnZDZOVExmdTU5dG9CYxbUTjy8I3G/jfTUQKu660A=,0.9953598913535540
clNtZU16Z0puWTNHWjlzWMJc+6+ijB5BB0nTkgCLYAY=,0.9996887732005430
clNOMEpjZFd4N0czUThEWdL2WnKKaDiNmkSALp+Mqj0=,1.0053191489361700
cktqZ292dzVsUmVRMUROWDaSxo6vpXbqxpH8cxcWwf4=,0.99912290629244
ckJWc1RZbmZ1aDRjR0lSdzu2qWkV87IA9IBjBst+vZ8=,0.9996887732005430
ckhtQVRLdVNGd29pTlVDQsaKvmwhPYS/pYXraSwTaM8=,1.0042722951561800
ck1Yek9ZTmFLUjRmZDhpavfBRsJ5xDAAocvSOjNFLeE=,1.0034517881394300
cjhOc0x4bzdUekZ2V1AzZR2/2H5UPLkqkA+jJEMUJs8=,0.9992360796740610
cjhEY20yQU1WZ1NkcFAxQv7oLxToGsDRcHnnrtV3hvw=,1.0020937075599800
cHVEOWRsNFE4UjYxS012M1sLT/6sNEYXtgxgQmQmLY8=,1.000339520144860
cHFVWVBiR2xDaFM4Wk5pWCqe3kROZb3V3FtkwhodGBA=,0.9981609325486650
cGZDMUE0WldZMmdOcThWT3ChqggQpZtuc1+33/vhihU=,1.003706428248080
cGZab1JTVGUzaXRGQjhjdkVHFfpwZRgPxCO+ckVA9Oc=,0.998415572657311
cGRqUmN4dzZsREZPTFVvSudO2BDFlyFIgHQqj7JdrjE=,1.004724988682660
cGFsSHRqdlFJTFp6VURiTf1cjWjJmpqreZrte2B5Lnc=,1.0024049343594400
cGdYczJZYVNuZFJMUU1JSjbbGua6ZDtPO3sIV0vp+NI=,1.0032537347215900
cFRYd0MxQklGTFlpWlNuYsa5DPXnJmtix06dqUy8gbk=,0.9996887732005430
cFpPMndNamVxYjdhMUtBY3L+xGbFOHrZsGoEGOA6oH4=,0.9972272521502940
cFh2OEg0V01zdFRLaXhaR7aDgYv6D+rtgUMVoHguq9w=,0.995246717971933
cFBITVJ3aEVpODY3SzJGdR0+oFipf6IaefQbGLuWtSk=,0.9958691715708470
cFA2aUtEV0Fibk8xZjJWSdIxMWHgtyx/ybZAiT7+tOw=,1.0049796287913100
cEx0eElTUlRBUUUyWTVucewBhQCwH01kOSxKUr2VUXw=,1.0042440018107700
cEJMMnlSMXZENkkzV1gweCYYj2vZ67gFmOZeGl+49Nk=,0.9995190131281120
cE1RdkxHQ3VjZ1VhT1lyOIIJzvlvAKIgJkhRDLwLbMA=,0.9999717066545950
cDRtajNZYkxuSlE4RWg3aQVsEmgKdZwBH/sodI37yQo=,0.9977648257129920
cDR2bVBGTTdpQmNHVFFzeE2d3Gj3S1ElT0dYX1StqOM=,0.99912290629244
c3VTWXk4cWxoZzlkUEdBTF2A77AnRJ7O/uFGb5rH8cI=,0.9989531462200090
c3pXSGQ5SXdSU2FwN1hvTOgN3IdBJak7a+gp2ty8AdI=,0.9988965595291990
c3IyOWRsRVAwaGJSQkZrbejtLE0kCswjs1IcIZK5Vok=,0.9996887732005430
c2R0eEpFbUJSWDZNZTl6RIotRP88sti/HZrqQ8MIMFk=,0.9972272521502940
c2o3WDQ1UlpxeTlLSm9XRtbAItZxNve20J+XSFF23vM=,0.9998019465821640
c2NqVFJVMFNRNkc5SXV0M0++WammSZ4DoeD+hyPpKT0=,0.99912290629244
c2hrak85M2l6QWFFTmRNWb871vxSMvDwIVsEWgJ4YaU=,1.003536668175650
c252TmhWZUFiRUQ4VXUwUYdN1mnUNNeJ6lwNUjND4ug=,0.9996887732005430
c1htN1NPNmRqSW5Xd0tQMMkcZhwx8G2pbmU9DqsC9hw=,0.9994341330918970
c1FZRGU4V2ZYU1p2TzJvQbl6jlcoDw9SVU/v/PmrWOg=,0.994907197827071
c1BGM0JpYmw3WHFrclZZWghybs5rQIBIL7ZxvQHPihw=,0.9955013580805800
c0NZN2Y1VHpQdnVablJWUQ1Mzo0OR09i0H5t5N55ZAk=,1.000339520144860
c0JpbldGa09VbTB2THF0bMioORp2Se8gkL9cRJ4dxEI=,1.0002829334540500
c0hVUzd2Vm1KMFB4OE5ocrhD7Z8htZ+LNKIrEVEmJqI=,1.0014995473064700
bXNRRTRVbHdxSjA5QUdibkkavIaRoR7Va9UKYxR0fUk=,1.0005092802172900
bXlSWFVLYndxZTlQU2phSXrkf97tkOfPIEYw8NHYD9I=,1.0001414667270300
bXJraUlwZXZod0hDUGI2NPZW1W4ynBh50Jex6c6PAU0=,1.0019805341783600
bXdoUkVTeWNINUJnekczYbaapbiNdIhX5KJZZC6XdMY=,1.0016976007243100
bXBYSERLbHNWbzI1WUxqYmqI8id6vRzQrzaeaOB8uHk=,1.004724988682660
bWZOSGFNWjhLcEo2WTJSTJ9Fg00ycgMEgqA0SQhDuPs=,1.0015561339972800
bWJROHFFTXgwejVpR0RXQYqFMG9g0daP+YhCuKiNrkE=,0.9959257582616570
bWhVSW9Ea1oyczBsSjdjVlNt7hLbnmU1+jzN7QRgZbQ=,0.9996887732005430
bWdsWmVQd0hBb0Jxc05XM72DZxQFHkrO1QWlu5q08nE=,0.9988965595291990
bVY5VDJCaE5EclVBY0p3Zoru45x9mY9g2I+4DAwtPzM=,1.0018673607967400
bUZrN3F3ZTFaSk9mb0s0aNfhebNnDUfxmYuZ/6afHR4=,0.9966896785875960
bUZHamdDQWY5WU5PYmFvM4WJmW3cjnHGz22YD9Ot7BQ=,0.9998019465821640
bURHQWdrb1h5UHpwZU9hSgrQq7bj+OLrNhiAswZp8bk=,1.0034800814848300
bU9xY1lnMlp6QlFiTTFIUJNvWPO4jTWEUgYJR2JYljw=,0.9996887732005430
bU05eU4zV3F0QzVQdnNaZXj/ucdAoOPdPWXYf3AIsKc=,0.9953315980081490
bTNjUEFicmhGRE5rbzJ4am6ceYcKHGUR4DRT1OASjhc=,1.0009053870529700
bTlWekwyYlNQUUt0bHIxdQU+0S/nfz/N3FRX22GldM0=,0.9996887732005430
bTJWY2tsRWlhSXJnQ0oxWRtPZwm0xYiUt6WZnxH5fjY=,1.0017824807605300
bTBMdkVJMnFkalpOZnJVQ3rB/0tpW9WpeEOquEJOP2c=,1.0048381620642800
bnZVdG1wc09SYUJKaUFrRFw7/kPFmOEmo5Dyq/Kh29E=,1.0048664554096900
bnQyczg1TUNMQklXUHh5U94b2hD/Axafdty4sYg5t9g=,0.9981043458578540
bnd2Z2NCb2VDaks0OW03QdHfR+K+4TCYGUftomXH4DU=,0.9978779990946130
bnBiclN5TkVINERPemFQdikK9qhy9k/tvMskBO858e4=,0.9996887732005430
bmtzUHkzQkVkZmc0aWJDT+Uh2ZbIdlqs0lRxndcrnBQ=,0.9965199185151650
bmRHaWZyMlpnemxodjY5Y7ACMMv9Ve4yTFmCL8hkUu4=,0.9953598913535540
bmJhNE9UVzVoMGxxdXZpVh6uL9uIGCQdotAO9ZTkfV0=,0.9972838388411050
bmdQcGJpWXhOMDloZW9yWodQXf13WkICTMUxl/Db4AQ=,0.9955013580805800
bllCZ09KTUtQOWpidDJGVEE19R4YFnxfFEpSkBbMMUA=,1.004045948392940
blg5VGFpeFlCbVd1MHZ0Trl0Kq3hIliC23jHnLgJbJg=,0.99824581258488
blF4eVkzSldJWGNkNm9hc1AG54rtBbLAN+v+UssMVt8=,1.0049796287913100
bldxZEp1c0xUakZidGtyUrmmEAoFcr2oufUNHME8GPM=,0.9985287460389320
blA0RzZqN05idnBTSUJ1dKdDNV9eoDxGgkoY6M5BPlA=,0.9988116794929830
bkpDZDhqb09nMkdSNElldz6/rCnZOUMPQusYnRF+DE8=,0.9996887732005430
bHVyaGZiYXNqSFJjenYwU8g3m9xxz+IidNH4UFBWWWE=,1.0015278406518800
bHVOSXl6VDFCQ0UwdldlaoylE7yYGLrjOi9M2MEdtzw=,0.9959540516070620
bHRia1pUU3ZENkpoanBjWQ6gY/XrqYbUa89yfQj9t7o=,0.9953598913535540
bHppZ3Rqbm9QbTVFVDRGS1INffsdfwZ/5t5nKauNx/4=,0.9973970122227250
bHdxYVJkdDM3WkNBaFgyOIjU0qafT6f08DVIcDByOQQ=,0.9996887732005430
bGZaQlJqbzY1SlM5V0xZdG2FOuyB/yn4W7GEcQbNYsE=,0.9953598913535540
bGJMVmc5ZG1KYWhaUXNYTU6d9GY2NKp/MyYWml78w5U=,1.0046118153010400
bGJJQUJkZTd1S3JDU3dpY9z0/1nPNyt9cXX8bzDs76A=,1.0044420552286100
bG9jcWdZWHlKMDc2a040RueIlbYK3V8kSMVN6s2fQbI=,0.9962652784065190
bFlub2taWGM2TU9mM3VxU6uSUPEjiEMHwLeFqwqYWBA=,0.9949354911724760
bEl2U3BRQjB5eDl0MnU0Vlc32isx4o1ttPYi9HZdSLc=,0.9996887732005430
bEFKZmJhVENqc2dyRHV4UJreweIxI21XPmOXs2W/3pQ=,0.9988116794929830
bDlKSVd3MW5NdDhpY3FRRLN+0IaRhkmT2QVjmN4ARf0=,1.0004809868718900
b3RiY3I3Z0ZSc0xNeFlWbg8IfH+Zt2+fAY1RxEj/nl0=,0.998415572657311
b3pSUUNkdElYdlpEYmxVNz0YafjzhRj5XwS30CxSePU=,1.0020937075599800
b3hOdXAzOVc1RkFRMkxVY7v5wFSOf9ybxg3Q/SnkLK8=,1.002263467632410
b3BXNjAxVVlxdWVDQlE3am1Zw4CkdhXTobVXNRHNIUY=,0.9987267994567680
b3BKazhUWFBhNzBORnZPTO+dWRSbLcJTrnxXdzKs1CE=,1.0019522408329600
b2Q4SkVxbTV6WWl0bGo5Z8cMf/EZit+iPkfdB2MGv9A=,0.9959823449524670
b2oxcmhLVGQwTDI4Vkh4ZtWjtNEHffJYDxejT/iU2k4=,0.9999717066545950
b2FWT1A5QUZlbWJsNHZ0Ram9cI8HLfTkYpGBhCJxWRo=,0.9999717066545950
b2daUGNFSWhEVWxteU5LdQxZbhh6iKplejxI1Q8q7Hg=,1.0013014938886400
b1N3MFBaS1JkZVQ1dUEzSsM+RTP80x99D7VIeobfOes=,1.004923042100500
b1AybDNDWGdIZXNXeGNGMdndpgZXmkcfluljp9Wnypg=,0.9996887732005430
b0ZNM1FUY0RmMmt6MEh3QzZSY+8KmrfSIYpUjVAk+iA=,0.9996887732005430
b0tjZlRPQWx3UEdrcURabQ5c/1+btl8TWe5EYl7Vw6g=,0.9967745586238120
b0RrNlFQdHhFVVp1ZlRsbmcLa+ksMBzSyXnkTloYjUc=,1.0005658669081000
b0FyQ1c2ZVhrYnhMMERKN/NXikTSvpF2Wi97PG8zuJQ=,0.9985004526935270
b0dXckUxRnA2MnRiQklkN0h8G2ZOiPaPLDMvFA0rxyE=,0.9988965595291990
azZlUGp1QmIwOWM3SUtycTlH+e4c4ZdNuBgp+/NiIkk=,1.001414667270260
azZKU1B5QWlNNTNHQ3o3Z7bIcCh13i4/THnJcJjfEb4=,1.0029142145767300
azhadEZKTzNxRzRoc253RVIrWibh45x71pv338vKooc=,1.0009619737437800
aXZRaDVCMGFNRXBDNElLa6p6lYUr6p2ZNaxW9fs3sZY=,0.9978497057492080
aXJCYlc2dGdjRkpvN3N5U/2he+Ay88cQTPQmhBppU9I=,0.9959823449524670
aXhYRnkxQ0JUYld2U1JRSnb9oBHjadxrx+xoeattwJI=,0.9992360796740610
aWZXSEduWnZ4OWp6bWdwMY1mxaupSwNR1hY6vT9CFTM=,1.0041591217745600
aWVjcXNya2pRVHo1TzNhVaeym5YFpNBytP8xbt/sHTM=,1.002999094612950
aWVGMXZMeENoc1BEY3JObUJiBm9gP6regEzpzg4uEcs=,0.9988965595291990
aWtiZG11MVdMRXpRSE5LTz9wC6/KhiHGfpjOdOJOf8U=,0.9996887732005430
aWFDdGx6dzI2SzlQaFNOMJnE+BscxZmnT84CrKK8wac=,1.0004809868718900
aW5jbEZVTmZUb1g5ZDVXU543PnrMexccT/9tG05N930=,1.0020937075599800
aVF5UnI5SnFubUc1SGZiVXtxM4BeWDj7DKgGmBE17vw=,1.0033669081032100
aUN4RGFMOVhwaG8xUXlSWSB14lQsQk/gT2E12KZ1Qio=,1.0006790402897200
aUdQc1lKeFNYbzQwdWhRSF++u6oLZ/Ki1SDaQDOxcg8=,0.9961238116794930
aTVucFdCd1FTUlhFMzZmTdZ7sxWmwImkQ/VBhO1y90g=,0.9981609325486650
anZBRUpyazAxdElWUkZjb1yTuZYB0rVXAd2jNWEnkZ8=,1.0043288818469900
anltZmFldUNOY0xyVWlGStH3r1+OkJu+GuBRql11+qI=,0.9996887732005430
anllaHdkU09aNW84dUpuMV38U9VNziS2q2HNjBv76Cc=,1.0028859212313300
amZtRTRxYU1aZVUzeEFpd1ra4LPHam2/U4rkrgyX2TE=,0.9961238116794930
am92NExQT25wbUd5YVVaUZgzVvENPLaRkKzwPVZ9fyw=,0.9996887732005430
am91MnJaRmtJWWJhaHluV0HhgM7U/tFJjY8uJcDpxE4=,0.9991794929832500
am5kR0FnMjRUUEVvUkhTdExqNMp46h6NEjqo46VX3vs=,0.9981609325486650
alVUbm1jdEVCaWdINUowSRLe1mgnhlKpq7rOpUnIJJA=,1.0034234947940200
alJPcHJOWnhlOGF0a0hmWVC6FVDi5Nbs+PExa9xwfDU=,1.0028859212313300
alhjcmZsUVA2d1JvT016Tka5G6oHoXE1wN2qvcaFpzA=,0.9996887732005430
alBiRDRPclF2dWFYSEtVNelAxDt6zvqUWnHCqVfIyZM=,0.9996887732005430
akZvekh1M3JPZjVjYVhNZ7IZ5BTywGeUGQydvhXfFGI=,1.0020937075599800
ajV6UFRleTcwbzFDbHV4RSnTZvM8LOkL1klHKqbXVWQ=,1.0048947487550900
ajhlRnZkMW94WWhURVN1dG9HlkdLfr2HCM9m9BCdl0o=,1.0008205070167500
aHRVU0dKUG5DMWo2eVRWQqDLcMB6n97MBc39eypCQqw=,1.0028293345405200
aGxrYlFVZ3EzWThWMnhCOVbmMwawIAOuf6OK5IvqYFo=,0.9999717066545950
aGRNeFg3ejBRRkVzeWFrcRYk7h+tBln0ZaZzhckZueA=,1.0019522408329600
aGM5SzBibXhRNHVZWEM2UI7T4LojavBanWP0nUnQv/4=,0.9995755998189230
aG54cTA3Z2p5WGJCOEZsT3mKlECBg3V9V9wMQX82jNU=,1.0020937075599800
aFRrck1GWkE4UHhKN1EzWMcB08VVkKAO+baup6VXwOE=,0.9976516523313720
aFNrN0FLejNDRnBUeHVjWCsYfV9Dlta3pmSeQTwGmhs=,1.0004809868718900
aFE3Wnp5a2UyQU9ESDVWauh+dJ+bd5+NcZCWtDDDwy4=,0.9953598913535540
aEV3VlBmZ3J6NDhpR1JJc5eEEoVN0zDDmalYeXZebJw=,0.9964350384789500
aEJLYkRWeDB6d0d5VTJxaeE3TVryjWIUU9bXKxqSNfg=,0.9985287460389320
aE9wajBFRjZrSmdZeTlJUVWCCODwx47aM88aQFaIOnw=,1.0011034404708000
aDYzck9Jb3Z5blZNTmdVUklxto5RzGiOhEurJo4yYlc=,0.9979345857854230
aDgyM01PdWl5STlqMWxGNkqKmdFjif6x+wXogEAwb24=,1.0021502942507900
a3FhVHNRWTBWTG9DVTJYaEEFesw2rdrZ+BzKm7VUkfs=,0.998076052512449
a3c1WG9FUzgwRldhTk8yUvMnlqZ6NU49tcVvAf+Jch4=,0.9948506111362610
a2xoMDlJZXpjajRFaWczVDnZB/vSsI8z88iVWOv5OOg=,1.00350837483024
a2VaVzk0eFltREhOaFBKcufiSbsrd9lZlkhWnUyl0z4=,0.9996887732005430
a2JhbjV2ZUVJWU5IbGdxV1JQYu3f79Zu9Df3I1NnnHw=,0.994907197827071
a2g0QlkzNTE5bWJpVEY4ZAXwqjBcI/a9lMRTPkyb1jo=,1.0011600271616100
a29lcWRZTXhESkNPcHRRR0EiFlKZNdQqkmZfW3NzjY4=,0.9999434133091900
a1pHbGlySGd6MVd1WFBJQrEWnvj4CYxqKRMCRy3GEOk=,0.9968028519692170
a1JISkFzMjRDS2Q1RXl1cen1e4jiXCIr4dbUMKQ0HP0=,0.9989248528746040
a1hoRDBtYnR3bFFMV0VIas9gsq0KFmavOv59M6byhSk=,1.004753282028070
a1haMDRWUVRKRnAxUGEzbI8CUZNbydxwESqxe9nE1MQ=,1.0040176550475300
a0pYeTE0TjVSaG5JNzlaVlDkvgNnFtmjXwFi0g10sWo=,1.0039610683567200
a0NGc1RXWVh6YklSbE02ajOtLmhgPZ2B4RDg9WcQE34=,0.9996887732005430
a0M3bUk2VWJwWWNQaGZUQrc/o3+mon4h7Xh8XuLG7/4=,0.9982175192394750
a0JyY2lqV1hMNm9JbTB0UV+3bSZqDUHQv2V9ozgbUhY=,1.0050928021729300
a0JxN2JWMk9LZVRRU3Z6WSyAh4bEh0nECOcUTy/I4ys=,0.9974535989135360
a0hwdERoNEUxOFlTemd4Mq2M0TqA9Ky6aAvP6YQ4+lg=,0.9996887732005430
a0dhdHZ4bVh3amI1U2RIMY+7qV9PhFtvwhPdE6Sv7i4=,1.0002829334540500